userid,user_display_name,user_screen_name,user_reported_location,user_profile_description,user_profile_url,follower_count,following_count,account_creation_date,account_language
4Rg8F1jBZL0lsBk9i4THbOAa3qpwv+36xYV7mQ1I+Y=,4Rg8F1jBZL0lsBk9i4THbOAa3qpwv+36xYV7mQ1I+Y=,4Rg8F1jBZL0lsBk9i4THbOAa3qpwv+36xYV7mQ1I+Y=,,‡πÄ‡∏≠‡∏≠‡∏ß‡πà‡∏∞,,0,9,2020-01-14,en
eOifAtqkh40ODUQORKICOfeOOJKArKgN0crN10+5ANo=,eOifAtqkh40ODUQORKICOfeOOJKArKgN0crN10+5ANo=,eOifAtqkh40ODUQORKICOfeOOJKArKgN0crN10+5ANo=,,,,0,3,2020-01-14,th
ZCwPu1KjYq4RigpLALGmqbDVVCRi1cg86J6k8eMfA=,ZCwPu1KjYq4RigpLALGmqbDVVCRi1cg86J6k8eMfA=,ZCwPu1KjYq4RigpLALGmqbDVVCRi1cg86J6k8eMfA=,,,,0,1,2019-12-08,en
zJFTBwhq3yfvJAbNklosGGnHXgtp7U3NoW7zkW+0yY=,zJFTBwhq3yfvJAbNklosGGnHXgtp7U3NoW7zkW+0yY=,zJFTBwhq3yfvJAbNklosGGnHXgtp7U3NoW7zkW+0yY=,,,,2,15,2020-01-15,th
o1a3qrN9Aadh9uaW7kAeBwdpOxKIXZ4vhdaqYIFhE=,o1a3qrN9Aadh9uaW7kAeBwdpOxKIXZ4vhdaqYIFhE=,o1a3qrN9Aadh9uaW7kAeBwdpOxKIXZ4vhdaqYIFhE=,,‡∏á‡∏∏‡∏á‡∏¥,,0,9,2020-01-03,en
gFfbaAajho2BpLtPOcsOpKy376qYxlHyOe750c4B2PU=,gFfbaAajho2BpLtPOcsOpKy376qYxlHyOe750c4B2PU=,gFfbaAajho2BpLtPOcsOpKy376qYxlHyOe750c4B2PU=,,-,,0,6,2020-02-20,en
KdUIrontV1y8AkLIf8YFlPrgluzo9m+7lKGb04UvTk=,KdUIrontV1y8AkLIf8YFlPrgluzo9m+7lKGb04UvTk=,KdUIrontV1y8AkLIf8YFlPrgluzo9m+7lKGb04UvTk=,,,,1,20,2020-01-02,en
ZRgrhPVDBDZN2A0qNCaOY2Iy3OK3tSnEpAdNzaskj1Q=,ZRgrhPVDBDZN2A0qNCaOY2Iy3OK3tSnEpAdNzaskj1Q=,ZRgrhPVDBDZN2A0qNCaOY2Iy3OK3tSnEpAdNzaskj1Q=,,,,6,33,2019-11-05,en
tGpRofwHLXI5iuye+ZDKVW8yVCic9mkRLxTwiBbEOrU=,tGpRofwHLXI5iuye+ZDKVW8yVCic9mkRLxTwiBbEOrU=,tGpRofwHLXI5iuye+ZDKVW8yVCic9mkRLxTwiBbEOrU=,,,,0,3,2019-11-05,en
hwYCz8kHrmFfLV+fc8FyoaxksnqwscMiQV0EYyJFmNU=,hwYCz8kHrmFfLV+fc8FyoaxksnqwscMiQV0EYyJFmNU=,hwYCz8kHrmFfLV+fc8FyoaxksnqwscMiQV0EYyJFmNU=,,love to you,,2,5,2020-01-04,en
kSoeM3xHxQ93LzAfBjLieWet+kFokr7Ll1L6mHD7M0=,kSoeM3xHxQ93LzAfBjLieWet+kFokr7Ll1L6mHD7M0=,kSoeM3xHxQ93LzAfBjLieWet+kFokr7Ll1L6mHD7M0=,,‡∏´‡∏•‡πà‡∏≠‡πÅ‡∏ï‡πà‡πÄ‡∏Å‡∏¥‡∏î,,6,6,2019-12-06,en
QoQHFrglCkmMv3AzIBNnOr1PukgBkuNnISGEUADJ6a8=,QoQHFrglCkmMv3AzIBNnOr1PukgBkuNnISGEUADJ6a8=,QoQHFrglCkmMv3AzIBNnOr1PukgBkuNnISGEUADJ6a8=,,,,25,55,2020-01-08,en
wj0o1jElfOBWjC3g8aIS4Df3z387ZPe4lmEqcPZy8zY=,wj0o1jElfOBWjC3g8aIS4Df3z387ZPe4lmEqcPZy8zY=,wj0o1jElfOBWjC3g8aIS4Df3z387ZPe4lmEqcPZy8zY=,,,,0,7,2020-01-14,en
0Jria5jYTQrrUBKYvaqXgyvWIW9wpE0fZ8n+wDBCe5k=,0Jria5jYTQrrUBKYvaqXgyvWIW9wpE0fZ8n+wDBCe5k=,0Jria5jYTQrrUBKYvaqXgyvWIW9wpE0fZ8n+wDBCe5k=,,KK,,0,16,2020-01-31,en
y1CO+KBZsMiNKDkSPKL2WE3YnmbLvlP43NbXIXipiTU=,y1CO+KBZsMiNKDkSPKL2WE3YnmbLvlP43NbXIXipiTU=,y1CO+KBZsMiNKDkSPKL2WE3YnmbLvlP43NbXIXipiTU=,,,,27,73,2020-01-08,en
AGWF8WdIpNo5WB3xNBUciNJOp65TgwEbO1NiVvuysk=,AGWF8WdIpNo5WB3xNBUciNJOp65TgwEbO1NiVvuysk=,AGWF8WdIpNo5WB3xNBUciNJOp65TgwEbO1NiVvuysk=,,,,0,6,2020-01-13,th
YqjcfhDmrBj+bXi2Uhi5RYeEB9L8FY6aLoKPKjqg=,YqjcfhDmrBj+bXi2Uhi5RYeEB9L8FY6aLoKPKjqg=,YqjcfhDmrBj+bXi2Uhi5RYeEB9L8FY6aLoKPKjqg=,,‡∏£‡∏µ‡∏ö‡∏ó‡∏≥‡πÄ‡∏™‡∏µ‡∏¢‡∏Å‡πà‡∏≠‡∏ô ‡∏à‡∏∞‡∏™‡∏≤‡∏¢ ‡∏£‡∏≠‡∏Ñ‡∏¥‡∏î‡πÑ‡∏î‡πâ‡∏Å‡πá‡πÅ‡∏Å‡πà‡∏ï‡∏≤‡∏¢‡∏•‡∏∞,,13,104,2019-12-06,th
y7FapQRVE28Qruq6Q3+NLYWDi1RUptNhRk1eCGn7E5c=,y7FapQRVE28Qruq6Q3+NLYWDi1RUptNhRk1eCGn7E5c=,y7FapQRVE28Qruq6Q3+NLYWDi1RUptNhRk1eCGn7E5c=,,,,31,59,2020-01-09,th
Ozh9PMVSQS+4J0FMak1IN+9FloemqTdV9KEYb590DA=,Ozh9PMVSQS+4J0FMak1IN+9FloemqTdV9KEYb590DA=,Ozh9PMVSQS+4J0FMak1IN+9FloemqTdV9KEYb590DA=,,‡πÉ‡∏ô‡∏ö‡∏≤‡∏á‡∏Ñ‡∏£‡∏±‡πâ‡∏á... ‡πÄ‡∏£‡∏≤‡∏≠‡∏≤‡∏à‡∏à‡∏∞‡πÑ‡∏î‡πâ‡πÄ‡∏à‡∏≠‡∏Å‡∏±‡∏ô‡πÉ‡∏ô‡πÄ‡∏â‡∏û‡∏≤‡∏∞‡∏Ñ‡∏ß‡∏≤‡∏°‡∏ù‡∏±‡∏ô... ‡πÑ‡∏î‡πâ‡∏≠‡∏¢‡∏π‡πà‡πÉ‡∏Å‡∏•‡πâ‡∏Å‡∏±‡∏ô... ‡πÉ‡∏ô‡∏ó‡∏µ‡πà‡∏™‡∏∏‡∏î‡∏Å‡πá‡πÉ‡∏ô‡∏à‡∏¥‡∏ô‡∏ï‡∏ô‡∏≤‡∏Å‡∏≤‡∏£...,,0,12,2019-12-24,en
ur+4xmELZMCISC6rXfqjSgyw+mfiZUv6gIPjtmMqyyU=,ur+4xmELZMCISC6rXfqjSgyw+mfiZUv6gIPjtmMqyyU=,ur+4xmELZMCISC6rXfqjSgyw+mfiZUv6gIPjtmMqyyU=,,,,1,52,2019-12-06,en
hfg2zB3w3Ms2yTAnnRWD3XtVmgsIhmP+FKfELGctzU=,hfg2zB3w3Ms2yTAnnRWD3XtVmgsIhmP+FKfELGctzU=,hfg2zB3w3Ms2yTAnnRWD3XtVmgsIhmP+FKfELGctzU=,,‡∏Å‡πá‡πÑ‡∏°‡πà‡∏°‡∏µ‡∏£‡∏±‡∏¢‡∏°‡∏≤‡∏Å‡∏ô‡∏∞,,0,3,2019-11-05,th
6wLQAIpRMO43iu3DnLkRvrldsGDypdTww4ZZksYqsgA=,6wLQAIpRMO43iu3DnLkRvrldsGDypdTww4ZZksYqsgA=,6wLQAIpRMO43iu3DnLkRvrldsGDypdTww4ZZksYqsgA=,,,,0,33,2019-09-08,th
x5E27T3f3On2OuFnsq3MlWXMUf0D7pCzruxVK7RDBs=,x5E27T3f3On2OuFnsq3MlWXMUf0D7pCzruxVK7RDBs=,x5E27T3f3On2OuFnsq3MlWXMUf0D7pCzruxVK7RDBs=,,,,0,16,2020-01-03,th
jy45mVF5TyWoDmQSyEADONe1jlVBKByb3QZeEMx1Vk=,jy45mVF5TyWoDmQSyEADONe1jlVBKByb3QZeEMx1Vk=,jy45mVF5TyWoDmQSyEADONe1jlVBKByb3QZeEMx1Vk=,,,,1,44,2020-01-09,th
ebff9fIhXlZRGMo5i1aRHqi046xUmXu7U5tP83Klo=,ebff9fIhXlZRGMo5i1aRHqi046xUmXu7U5tP83Klo=,ebff9fIhXlZRGMo5i1aRHqi046xUmXu7U5tP83Klo=,,,,1,20,2020-01-03,th
pSwaaleHTlTdtbyu8gsXpE0sS2fl40yLyahYtm7PdY=,pSwaaleHTlTdtbyu8gsXpE0sS2fl40yLyahYtm7PdY=,pSwaaleHTlTdtbyu8gsXpE0sS2fl40yLyahYtm7PdY=,,,,2,17,2019-12-06,en
XyUoGpSO5J5FFKYGlzIBXbrz1+YorbWL3mWmuio5TyE=,XyUoGpSO5J5FFKYGlzIBXbrz1+YorbWL3mWmuio5TyE=,XyUoGpSO5J5FFKYGlzIBXbrz1+YorbWL3mWmuio5TyE=,,,,0,1,2019-12-08,en
rajaEA97lG+2ze2pAzmtGRs4sxUmX47bkzAdBw+ymjU=,rajaEA97lG+2ze2pAzmtGRs4sxUmX47bkzAdBw+ymjU=,rajaEA97lG+2ze2pAzmtGRs4sxUmX47bkzAdBw+ymjU=,,,,0,3,2020-01-13,en
nX49rIzo3XyLnzvnGk0VVvLgb3UGlxnx94ByB++tnk=,nX49rIzo3XyLnzvnGk0VVvLgb3UGlxnx94ByB++tnk=,nX49rIzo3XyLnzvnGk0VVvLgb3UGlxnx94ByB++tnk=,,‡∏ä‡∏≠‡∏ö‡∏≠‡∏∞‡πÑ‡∏£‡πÅ‡∏õ‡∏•‡∏Å‡πÜ,,9,131,2020-01-29,th
8crTeO0XjreawKU5icKZVpKyaGdB4vo9LcprMCo3XQc=,8crTeO0XjreawKU5icKZVpKyaGdB4vo9LcprMCo3XQc=,8crTeO0XjreawKU5icKZVpKyaGdB4vo9LcprMCo3XQc=,,sosad,,1,67,2019-12-06,en
QbEzNEAkwECStZdgS8Aie9v+fdJ9rjfi+lWDk9hEkiA=,QbEzNEAkwECStZdgS8Aie9v+fdJ9rjfi+lWDk9hEkiA=,QbEzNEAkwECStZdgS8Aie9v+fdJ9rjfi+lWDk9hEkiA=,,‡πÄ‡∏à‡∏≠‡∏Å‡∏±‡∏ô‡πÉ‡∏´‡∏°‡πà,,0,5,2020-01-13,en
1HEhoSXqO1HoQZBQkhRBRxR440CWboFXe2XUymn42G0=,1HEhoSXqO1HoQZBQkhRBRxR440CWboFXe2XUymn42G0=,1HEhoSXqO1HoQZBQkhRBRxR440CWboFXe2XUymn42G0=,,‡∏Ç‡πà‡∏≤‡∏ß‡∏™‡∏≤‡∏£,,0,9,2020-01-14,en
YFcDBsztBazVnTEU+BvY+DWWgryWwG0jAxxOq2aJtA=,YFcDBsztBazVnTEU+BvY+DWWgryWwG0jAxxOq2aJtA=,YFcDBsztBazVnTEU+BvY+DWWgryWwG0jAxxOq2aJtA=,,‡πÄ‡∏â‡∏¢‡πÜ,,0,2,2020-01-29,en
KE0WdVZG7qSopbaoTJVypZe61S916JIuOHPMEh9EEjg=,KE0WdVZG7qSopbaoTJVypZe61S916JIuOHPMEh9EEjg=,KE0WdVZG7qSopbaoTJVypZe61S916JIuOHPMEh9EEjg=,,,,0,2,2020-01-17,en
C1nMC7kAxdpGuNyUPokqNRzeMunzChGWSFwUBYYl8=,C1nMC7kAxdpGuNyUPokqNRzeMunzChGWSFwUBYYl8=,C1nMC7kAxdpGuNyUPokqNRzeMunzChGWSFwUBYYl8=,,,,0,2,2019-12-08,en
nGtVgS1Jw4BwlKXEFohpj5651UsAvfZRSTNOuJVX7H4=,nGtVgS1Jw4BwlKXEFohpj5651UsAvfZRSTNOuJVX7H4=,nGtVgS1Jw4BwlKXEFohpj5651UsAvfZRSTNOuJVX7H4=,,,,3,7,2020-01-07,en
KEUhQadU71lkugqS2HqaFOFFHc3eovYPYAoo1Mnk=,KEUhQadU71lkugqS2HqaFOFFHc3eovYPYAoo1Mnk=,KEUhQadU71lkugqS2HqaFOFFHc3eovYPYAoo1Mnk=,,,,0,55,2019-12-11,th
DccjHFT4KsXIZMANAsxJjY3gXYfjB3+vAdsmd6Q9QVU=,DccjHFT4KsXIZMANAsxJjY3gXYfjB3+vAdsmd6Q9QVU=,DccjHFT4KsXIZMANAsxJjY3gXYfjB3+vAdsmd6Q9QVU=,,,,3,21,2019-12-24,en
ywpPHakqrqbPiak9WhHNSRWmsGaGmyEruf5mvOay7Eo=,ywpPHakqrqbPiak9WhHNSRWmsGaGmyEruf5mvOay7Eo=,ywpPHakqrqbPiak9WhHNSRWmsGaGmyEruf5mvOay7Eo=,,,,0,6,2020-01-13,th
O3+LwR9GlGb5DabGtE7UyjkUwwvKoDMH0KabVmZeSA=,O3+LwR9GlGb5DabGtE7UyjkUwwvKoDMH0KabVmZeSA=,O3+LwR9GlGb5DabGtE7UyjkUwwvKoDMH0KabVmZeSA=,,Hi,,15,93,2019-12-03,th
4oEH157g9TTUd+8b8hHRNIPTN7CZmDkIs69Iec9BCEw=,4oEH157g9TTUd+8b8hHRNIPTN7CZmDkIs69Iec9BCEw=,4oEH157g9TTUd+8b8hHRNIPTN7CZmDkIs69Iec9BCEw=,,,,0,1,2020-01-15,en
4a8wiVD5hqHQ5rdquL707BNZOOTEE6t9p7Mu+1oJTs=,4a8wiVD5hqHQ5rdquL707BNZOOTEE6t9p7Mu+1oJTs=,4a8wiVD5hqHQ5rdquL707BNZOOTEE6t9p7Mu+1oJTs=,,,,2,24,2019-12-07,en
kACeOmoF88gdtldck9H4ExgsB0xhnCUZA5kxn9TLZc=,kACeOmoF88gdtldck9H4ExgsB0xhnCUZA5kxn9TLZc=,kACeOmoF88gdtldck9H4ExgsB0xhnCUZA5kxn9TLZc=,,,,4,15,2019-12-08,th
mFKs1iHJWsMz2PfS57HBK3e7VY9nF3SjuaF7aL3oE=,mFKs1iHJWsMz2PfS57HBK3e7VY9nF3SjuaF7aL3oE=,mFKs1iHJWsMz2PfS57HBK3e7VY9nF3SjuaF7aL3oE=,,‡∏´‡∏ô‡πâ‡∏≤‡∏Ñ‡∏° ‡∏ô‡∏°‡∏à‡∏£‡∏¥‡∏á ‡∏´‡∏ç‡∏¥‡∏á‡πÅ‡∏ó‡πâ,,5,55,2019-12-15,en
0uqcj33xY9WV7tnJrfqPL8ThzZ7wcWZedsjO2zdFg=,0uqcj33xY9WV7tnJrfqPL8ThzZ7wcWZedsjO2zdFg=,0uqcj33xY9WV7tnJrfqPL8ThzZ7wcWZedsjO2zdFg=,,,,1,6,2020-01-09,en
B2c65i99gt7FdoWK4b6XbYDkKffeSy76fvUTyTlN0Xs=,B2c65i99gt7FdoWK4b6XbYDkKffeSy76fvUTyTlN0Xs=,B2c65i99gt7FdoWK4b6XbYDkKffeSy76fvUTyTlN0Xs=,,,,0,0,2019-12-06,en
wCm8A0vnIHh+VD0FN5J8PXf4mdmYd9uwDg8GPddNU=,wCm8A0vnIHh+VD0FN5J8PXf4mdmYd9uwDg8GPddNU=,wCm8A0vnIHh+VD0FN5J8PXf4mdmYd9uwDg8GPddNU=,,,,0,3,2020-01-13,en
p880kYlATKJMLLnU5zDev8LGFMv6iyAJ2tPp6rP6FBI=,p880kYlATKJMLLnU5zDev8LGFMv6iyAJ2tPp6rP6FBI=,p880kYlATKJMLLnU5zDev8LGFMv6iyAJ2tPp6rP6FBI=,,,,7,95,2019-12-07,th
x+zcl1DOfPQ6o1d5enGO0hLI89FhJK6efDq1B0f5uS4=,x+zcl1DOfPQ6o1d5enGO0hLI89FhJK6efDq1B0f5uS4=,x+zcl1DOfPQ6o1d5enGO0hLI89FhJK6efDq1B0f5uS4=,,‡πÄ‡∏õ‡πà‡∏≤‡∏¢‡∏≤‡∏á‡∏™‡∏¥‡∏ö‡∏•‡πâ‡∏≠,,0,5,2020-02-21,en
Ad7XFysbB7CqXLqQCVqu78lS10HkZtXZaNqIdF0=,Ad7XFysbB7CqXLqQCVqu78lS10HkZtXZaNqIdF0=,Ad7XFysbB7CqXLqQCVqu78lS10HkZtXZaNqIdF0=,,,,1,16,2019-11-12,en
ejXhEmc73vUyxsDMVwmz8bfrQd0mTE0jAMAFlzZZ6L0=,ejXhEmc73vUyxsDMVwmz8bfrQd0mTE0jAMAFlzZZ6L0=,ejXhEmc73vUyxsDMVwmz8bfrQd0mTE0jAMAFlzZZ6L0=,,,,12,99,2019-12-07,th
Q5yrbHpafT9HgrFOyoC2nW0LZo2WCt4eLdJgNATyrEU=,Q5yrbHpafT9HgrFOyoC2nW0LZo2WCt4eLdJgNATyrEU=,Q5yrbHpafT9HgrFOyoC2nW0LZo2WCt4eLdJgNATyrEU=,,,,1,26,2020-01-02,en
IEz9hKsNaraBpAitbEWnxKbrFI7dj2MTRBnjTUbHNxM=,IEz9hKsNaraBpAitbEWnxKbrFI7dj2MTRBnjTUbHNxM=,IEz9hKsNaraBpAitbEWnxKbrFI7dj2MTRBnjTUbHNxM=,,,,20,63,2020-01-08,en
PpfDgCy7xBcuoHIDy0R97SBPS9FzhDNXJ95H7uvf5I=,PpfDgCy7xBcuoHIDy0R97SBPS9FzhDNXJ95H7uvf5I=,PpfDgCy7xBcuoHIDy0R97SBPS9FzhDNXJ95H7uvf5I=,,,,1,4,2019-12-03,th
rmctqnHPt+FvwY97Lcf2NkxrcX4rgDfkOPmfOevwO8=,rmctqnHPt+FvwY97Lcf2NkxrcX4rgDfkOPmfOevwO8=,rmctqnHPt+FvwY97Lcf2NkxrcX4rgDfkOPmfOevwO8=,,,,0,4,2020-01-09,th
9de4npoSkXRNhSPRezl8rl+bOQOai7nKJRAiFTPyWw0=,9de4npoSkXRNhSPRezl8rl+bOQOai7nKJRAiFTPyWw0=,9de4npoSkXRNhSPRezl8rl+bOQOai7nKJRAiFTPyWw0=,,‡πÇ‡∏≠‡πÄ‡∏Ñ‡∏£‡∏ô‡∏∞,,0,12,2019-12-06,th
eNZ750fTv5v3spKqc1vssnI37EWW8e77B6r+A7f0Y+I=,eNZ750fTv5v3spKqc1vssnI37EWW8e77B6r+A7f0Y+I=,eNZ750fTv5v3spKqc1vssnI37EWW8e77B6r+A7f0Y+I=,,love you tomuch,,0,6,2020-01-04,en
JlGovjKKXCfLrFM3RMrPGACJjg3CAM7fYEA0OGJkWo=,JlGovjKKXCfLrFM3RMrPGACJjg3CAM7fYEA0OGJkWo=,JlGovjKKXCfLrFM3RMrPGACJjg3CAM7fYEA0OGJkWo=,,,,0,0,2019-12-09,en
qzlT6AjLRJmUjncHf2JEJAA1n9QFV1ZKV5uD91Xg=,qzlT6AjLRJmUjncHf2JEJAA1n9QFV1ZKV5uD91Xg=,qzlT6AjLRJmUjncHf2JEJAA1n9QFV1ZKV5uD91Xg=,,,,3,63,2019-12-07,th
KUk4Ug+I8w9cHmCo6xKSViqYrblBFRUwJiuNBAj7gE=,KUk4Ug+I8w9cHmCo6xKSViqYrblBFRUwJiuNBAj7gE=,KUk4Ug+I8w9cHmCo6xKSViqYrblBFRUwJiuNBAj7gE=,,popcorn,,0,8,2020-01-09,en
gdgDvB+wTEhabZOR5DwPqDGYxIYuxOx4y9htwUpR78=,gdgDvB+wTEhabZOR5DwPqDGYxIYuxOx4y9htwUpR78=,gdgDvB+wTEhabZOR5DwPqDGYxIYuxOx4y9htwUpR78=,,,,0,12,2020-01-14,en
LSW85JA1juFPgiuqe45lrgwNESzWZRQLjIh5ce8ddR0=,LSW85JA1juFPgiuqe45lrgwNESzWZRQLjIh5ce8ddR0=,LSW85JA1juFPgiuqe45lrgwNESzWZRQLjIh5ce8ddR0=,,,,0,2,2020-01-09,en
PUuiz2cXALWWOdajgf6iWt5QF8eYLnlwjrkPZQqbm8=,PUuiz2cXALWWOdajgf6iWt5QF8eYLnlwjrkPZQqbm8=,PUuiz2cXALWWOdajgf6iWt5QF8eYLnlwjrkPZQqbm8=,,*-*,,0,1,2020-01-14,en
fh27vA2YwJ4oYUZLrUI4BizmOryq69rnmq2msXqsc=,fh27vA2YwJ4oYUZLrUI4BizmOryq69rnmq2msXqsc=,fh27vA2YwJ4oYUZLrUI4BizmOryq69rnmq2msXqsc=,,Hi,,18,93,2019-12-03,th
NUaMjZryhC4ek9IOuboDQY0Xr5zAkBn6LyFDSpsbr6c=,NUaMjZryhC4ek9IOuboDQY0Xr5zAkBn6LyFDSpsbr6c=,NUaMjZryhC4ek9IOuboDQY0Xr5zAkBn6LyFDSpsbr6c=,,,,21,61,2020-01-08,en
LfkNqbSyE07WvY18ZYoNS2XhWTcI2Z6QhJCH+SQ7Fs=,LfkNqbSyE07WvY18ZYoNS2XhWTcI2Z6QhJCH+SQ7Fs=,LfkNqbSyE07WvY18ZYoNS2XhWTcI2Z6QhJCH+SQ7Fs=,"‡∏Å‡∏£‡∏∏‡∏á‡πÄ‡∏ó‡∏û‡∏°‡∏´‡∏≤‡∏ô‡∏Ñ‡∏£, ‡∏õ‡∏£‡∏∞‡πÄ‡∏ó‡∏®‡πÑ‡∏ó‡∏¢",,,0,5,2020-02-21,en
kvRHkv9On+A8aJi2D8Ht87VVMldTAqHajGvy80DPn0k=,kvRHkv9On+A8aJi2D8Ht87VVMldTAqHajGvy80DPn0k=,kvRHkv9On+A8aJi2D8Ht87VVMldTAqHajGvy80DPn0k=,,‡πÄ‡∏õ‡πá‡∏ô‡∏Ñ‡∏ô‡πÉ‡∏™‡πÉ‡∏™,,1,2,2019-12-06,en
IRwucJX8dZCC0DM+nQ+HJWMYn7wLYKXLCDEuWjh4SU=,IRwucJX8dZCC0DM+nQ+HJWMYn7wLYKXLCDEuWjh4SU=,IRwucJX8dZCC0DM+nQ+HJWMYn7wLYKXLCDEuWjh4SU=,,,,0,3,2020-01-09,en
0ivzrGxX9xlLho3WBaaPURvfJauDMMW6V23LisGwXo=,0ivzrGxX9xlLho3WBaaPURvfJauDMMW6V23LisGwXo=,0ivzrGxX9xlLho3WBaaPURvfJauDMMW6V23LisGwXo=,,kaykai,,1,5,2019-12-08,en
dQ5V7VJsD3KBX5MHZPXvIefN1oLL3Br1iw+gFKpXnw=,dQ5V7VJsD3KBX5MHZPXvIefN1oLL3Br1iw+gFKpXnw=,dQ5V7VJsD3KBX5MHZPXvIefN1oLL3Br1iw+gFKpXnw=,,,,2,17,2020-01-09,th
CgFpN6PWt3aQyP+DRgNvDXrxYslRVo7ciASzS8geqg=,CgFpN6PWt3aQyP+DRgNvDXrxYslRVo7ciASzS8geqg=,CgFpN6PWt3aQyP+DRgNvDXrxYslRVo7ciASzS8geqg=,"‡∏à.‡∏ô‡∏Ñ‡∏£‡∏£‡∏≤‡∏ä‡∏™‡∏µ‡∏°‡∏≤, ‡∏õ‡∏£‡∏∞‡πÄ‡∏ó‡∏®‡πÑ‡∏ó‡∏¢",‡∏™‡∏ß‡∏¢‡πÉ‡∏™‡πÑ‡∏£‡πâ‡∏™‡∏¥‡∏ß,,2,12,2020-01-09,en
S2r8s0YyxzlWL0yeac96hMQZIPSIpxb7AtKTjyRrM=,S2r8s0YyxzlWL0yeac96hMQZIPSIpxb7AtKTjyRrM=,S2r8s0YyxzlWL0yeac96hMQZIPSIpxb7AtKTjyRrM=,,,,0,2,2020-01-13,en
64jqWi1mCNEG3rXt66gx8XqinNUGSJmZMeLulaaG2G4=,64jqWi1mCNEG3rXt66gx8XqinNUGSJmZMeLulaaG2G4=,64jqWi1mCNEG3rXt66gx8XqinNUGSJmZMeLulaaG2G4=,,illuminati,,0,8,2020-01-08,en
w8VEN6ukG6Hs77IXzDN2xwog6LPo17roojfhLRsNMG8=,w8VEN6ukG6Hs77IXzDN2xwog6LPo17roojfhLRsNMG8=,w8VEN6ukG6Hs77IXzDN2xwog6LPo17roojfhLRsNMG8=,,,,0,8,2019-12-06,en
CJDn8nFJKtCi0CfQrMxAcbIVNvliwrLaaBK6mYbmw=,CJDn8nFJKtCi0CfQrMxAcbIVNvliwrLaaBK6mYbmw=,CJDn8nFJKtCi0CfQrMxAcbIVNvliwrLaaBK6mYbmw=,,,,0,0,2020-01-15,en
7WWrFajYIOzkmjT89Yvayi8IOZVFUVqD0U0ql0rE=,7WWrFajYIOzkmjT89Yvayi8IOZVFUVqD0U0ql0rE=,7WWrFajYIOzkmjT89Yvayi8IOZVFUVqD0U0ql0rE=,,,,0,7,2020-01-28,en
4VOED2EwJ01302lNyXF5BfKTa4C5Ck6OupDzxv0N2A=,4VOED2EwJ01302lNyXF5BfKTa4C5Ck6OupDzxv0N2A=,4VOED2EwJ01302lNyXF5BfKTa4C5Ck6OupDzxv0N2A=,,‡πÄ‡∏î‡∏≤‡∏∞‡∏ö‡∏≠‡∏•‡∏î‡πâ‡∏ß‡∏¢‡∏î‡∏≤‡∏Å‡∏î‡∏≥‡πÜ,,0,8,2020-02-21,en
QOei4f4WD0cv7PLMIDcYvvX1fNTAoVYdf+XXI+pMCTA=,QOei4f4WD0cv7PLMIDcYvvX1fNTAoVYdf+XXI+pMCTA=,QOei4f4WD0cv7PLMIDcYvvX1fNTAoVYdf+XXI+pMCTA=,,,,1,59,2020-01-23,en
Nyw4DRHlMCI5mjjPrjMS76UI4FpXZG0zQupdzpp+YYs=,Nyw4DRHlMCI5mjjPrjMS76UI4FpXZG0zQupdzpp+YYs=,Nyw4DRHlMCI5mjjPrjMS76UI4FpXZG0zQupdzpp+YYs=,,‡∏ß‡πà‡∏≤‡∏¢‡∏ô‡πâ‡∏≥‡∏ö‡∏ô‡∏ö‡∏Å‡πÑ‡∏î‡πâ,,1,23,2019-12-15,th
4NXFOHRVhMBjMpji+wUqiNLRyzswsjF3N6whS+ly3r0=,4NXFOHRVhMBjMpji+wUqiNLRyzswsjF3N6whS+ly3r0=,4NXFOHRVhMBjMpji+wUqiNLRyzswsjF3N6whS+ly3r0=,,,,0,17,2019-12-07,th
VCTgJKFyUJ8XBJJMnLr8k6F8fSTYkhoYiUODsJa8=,VCTgJKFyUJ8XBJJMnLr8k6F8fSTYkhoYiUODsJa8=,VCTgJKFyUJ8XBJJMnLr8k6F8fSTYkhoYiUODsJa8=,,,,0,81,2020-01-21,en
f1X7uk5kCggfMIBJ7Shhdb75dkSplVjQSQ63Knmfs2Y=,f1X7uk5kCggfMIBJ7Shhdb75dkSplVjQSQ63Knmfs2Y=,f1X7uk5kCggfMIBJ7Shhdb75dkSplVjQSQ63Knmfs2Y=,,,,0,2,2020-01-09,en
2ttM66KKHdNMznS5WbbXPidWF14Utrt3HNM7e0VFVMo=,2ttM66KKHdNMznS5WbbXPidWF14Utrt3HNM7e0VFVMo=,2ttM66KKHdNMznS5WbbXPidWF14Utrt3HNM7e0VFVMo=,,,,0,9,2019-12-06,en
l1ioiWd4+MZeqrlzEvNL30mR++aCiM1RRbh7x0nX9A8=,l1ioiWd4+MZeqrlzEvNL30mR++aCiM1RRbh7x0nX9A8=,l1ioiWd4+MZeqrlzEvNL30mR++aCiM1RRbh7x0nX9A8=,,,,0,0,2019-12-08,en
HeAT12DJjwJt+7iz8QJSmxhYPLb+70s19MJvVCQVutw=,HeAT12DJjwJt+7iz8QJSmxhYPLb+70s19MJvVCQVutw=,HeAT12DJjwJt+7iz8QJSmxhYPLb+70s19MJvVCQVutw=,,‡∏™‡∏∏‡∏î‡∏™‡∏ß‡∏¢,,0,7,2020-01-31,en
ax3KHO6QEkt0xgzb0x3QD0A36utSelgMNAGjGjQDoo=,ax3KHO6QEkt0xgzb0x3QD0A36utSelgMNAGjGjQDoo=,ax3KHO6QEkt0xgzb0x3QD0A36utSelgMNAGjGjQDoo=,,‡πÄ‡∏Ñ‡∏¢‡πÇ‡∏î‡∏ô‡∏Å‡∏ß‡∏ô‡∏õ‡∏£‡∏∞‡∏™‡∏≤‡∏ó‡∏à‡∏ô‡πÇ‡∏°‡πÇ‡∏´‡∏°‡∏±‡πâ‡∏¢,,2,28,2019-12-04,th
NsLmZEl0WJfoq2+q94TU+5l4vCmsLAHuEqrV5onquc0=,NsLmZEl0WJfoq2+q94TU+5l4vCmsLAHuEqrV5onquc0=,NsLmZEl0WJfoq2+q94TU+5l4vCmsLAHuEqrV5onquc0=,,,,1,8,2020-01-09,en
6V1Ht9eSQVTsB4cfwEghonZ2ef54qYGPenp3uHkUjG0=,6V1Ht9eSQVTsB4cfwEghonZ2ef54qYGPenp3uHkUjG0=,6V1Ht9eSQVTsB4cfwEghonZ2ef54qYGPenp3uHkUjG0=,,,,0,3,2020-01-15,th
5l1tn0h0rOemYDeBX0fhQDzzPgORWXUx1i1ZPPidY+s=,5l1tn0h0rOemYDeBX0fhQDzzPgORWXUx1i1ZPPidY+s=,5l1tn0h0rOemYDeBX0fhQDzzPgORWXUx1i1ZPPidY+s=,,‡∏Ñ‡∏ô‡πÑ‡∏ó‡∏¢‡πÅ‡∏ó‡πâ‡πÜ ‡πÅ‡∏°‡πà‡∏Ñ‡∏ô‡πÑ‡∏ó‡∏¢ ‡∏û‡πà‡∏≠‡∏Ñ‡∏ô‡πÑ‡∏ó‡∏¢ ‡∏£‡∏±‡∏Å‡∏õ‡∏£‡∏∞‡πÄ‡∏ó‡∏®‡πÑ‡∏ó‡∏¢ ‡πÄ‡∏Ñ‡∏≤‡∏£‡∏û‡∏™‡∏¥‡∏ó‡∏ò‡∏¥‡∏Ç‡∏≠‡∏á‡∏ú‡∏π‡πâ‡∏≠‡∏∑‡πà‡∏ô,,0,7,2019-12-04,en
mCCDlC+rgheibgaTtSPyZ0DLJDg4ngJz0VfquAYWXqo=,mCCDlC+rgheibgaTtSPyZ0DLJDg4ngJz0VfquAYWXqo=,mCCDlC+rgheibgaTtSPyZ0DLJDg4ngJz0VfquAYWXqo=,,‡πÅ‡∏•‡πâ‡∏ß‡πÑ‡∏á,,0,1,2020-01-09,th
GYxNITtcMy6Uc1J4o3uR16d7Xxj2dgYQU7NBDixyI=,GYxNITtcMy6Uc1J4o3uR16d7Xxj2dgYQU7NBDixyI=,GYxNITtcMy6Uc1J4o3uR16d7Xxj2dgYQU7NBDixyI=,,‡πÇ‡∏™‡∏î,,4,12,2019-11-05,en
weW5rBizx1CBMSviHvY40foXMYtnt3zvJ5de5WA5w=,weW5rBizx1CBMSviHvY40foXMYtnt3zvJ5de5WA5w=,weW5rBizx1CBMSviHvY40foXMYtnt3zvJ5de5WA5w=,,‡∏ó‡πâ‡∏≠‡∏á‡∏ü‡πâ‡∏≤ ‡∏™‡∏≤‡∏¢‡∏•‡∏° ‡∏ò‡∏£‡∏£‡∏°‡∏ä‡∏≤‡∏ï‡∏¥ ‡∏Ñ‡∏∑‡∏≠‡∏ï‡∏±‡∏ß‡∏â‡∏±‡∏ô,,0,11,2020-01-09,th
CrR6C5e4u99Kydv5uuwn2fN+lAjdCnCk7w03Tkws3xA=,CrR6C5e4u99Kydv5uuwn2fN+lAjdCnCk7w03Tkws3xA=,CrR6C5e4u99Kydv5uuwn2fN+lAjdCnCk7w03Tkws3xA=,,,,1,23,2019-12-08,en
ClCmHl0WM58m4a1lw6gTE0LyVqwEhqm869oHbczn8I=,ClCmHl0WM58m4a1lw6gTE0LyVqwEhqm869oHbczn8I=,ClCmHl0WM58m4a1lw6gTE0LyVqwEhqm869oHbczn8I=,,,,1,3,2020-01-09,en
6W0vM633N2rUWikcG381yg6HG41NB2eaFQurqkQ8344=,6W0vM633N2rUWikcG381yg6HG41NB2eaFQurqkQ8344=,6W0vM633N2rUWikcG381yg6HG41NB2eaFQurqkQ8344=,,,,1,27,2020-01-02,en
xpeHKKFpR1dt7j0KOCAhPGqd9M18jie10l781H1ezQ=,xpeHKKFpR1dt7j0KOCAhPGqd9M18jie10l781H1ezQ=,xpeHKKFpR1dt7j0KOCAhPGqd9M18jie10l781H1ezQ=,,"‡∏Ç‡πâ‡∏≠‡∏î‡∏µ‡∏Ç‡∏≠‡∏á‡∏Å‡∏≤‡∏£‡πÑ‡∏°‡πà‡πÑ‡∏î‡πâ‡∏Ñ‡∏£‡∏≠‡∏ö‡∏Ñ‡∏£‡∏≠‡∏á 
‡∏Ñ‡∏∑‡∏≠‡∏Å‡∏≤‡∏£‡∏ó‡∏µ‡πà‡πÑ‡∏°‡πà‡∏°‡∏µ‡∏ß‡∏±‡∏ô‡∏™‡∏π‡∏ç‡πÄ‡∏™‡∏µ‡∏¢‡∏™‡∏¥‡πà‡∏á‡∏ô‡∏±‡πâ‡∏ô‡πÑ‡∏õ..ü•Ä",,0,16,2019-12-09,en
7pg7RSTczp1zHeozEPvPach9rwNQKBJe2MrFF7dIV1E=,7pg7RSTczp1zHeozEPvPach9rwNQKBJe2MrFF7dIV1E=,7pg7RSTczp1zHeozEPvPach9rwNQKBJe2MrFF7dIV1E=,,‡∏™‡∏≤‡∏ß‡πÄ‡∏£‡∏¥‡πà‡∏î ‡πÄ‡∏ä‡∏¥‡∏î‡πÑ‡∏°‡πà‡∏´‡∏¢‡∏¥‡πà‡∏á,,0,29,2020-01-09,th
vx6CaKfbFhGJw2w+4b1xLrYliU3LgLf0spQ7sIimym8=,vx6CaKfbFhGJw2w+4b1xLrYliU3LgLf0spQ7sIimym8=,vx6CaKfbFhGJw2w+4b1xLrYliU3LgLf0spQ7sIimym8=,,,,10,46,2019-12-06,en
2MabQB5YztnLG3pb1zquw1ZJySjuibIdTeaISceAiJU=,2MabQB5YztnLG3pb1zquw1ZJySjuibIdTeaISceAiJU=,2MabQB5YztnLG3pb1zquw1ZJySjuibIdTeaISceAiJU=,,‡πÑ‡∏°‡πà‡πÇ‡∏•‡∏Å‡∏™‡∏ß‡∏¢,,0,8,2019-12-08,en
BcIpfkK4h747k3HqVNVu29m3ud1SXI2VBy37Qg7IMGY=,BcIpfkK4h747k3HqVNVu29m3ud1SXI2VBy37Qg7IMGY=,BcIpfkK4h747k3HqVNVu29m3ud1SXI2VBy37Qg7IMGY=,,,,1,15,2020-01-09,th
6HgOBfNU5lALuuamZeTtD0dCvg9c4n1QfnuxqryHYs=,6HgOBfNU5lALuuamZeTtD0dCvg9c4n1QfnuxqryHYs=,6HgOBfNU5lALuuamZeTtD0dCvg9c4n1QfnuxqryHYs=,,,,0,4,2020-01-13,en
kghyJZCcdGxoJ8f0lseFgPC2lwQrFCPXzqY5W0lMJs=,kghyJZCcdGxoJ8f0lseFgPC2lwQrFCPXzqY5W0lMJs=,kghyJZCcdGxoJ8f0lseFgPC2lwQrFCPXzqY5W0lMJs=,,‡∏ñ‡∏∂‡∏á‡∏à‡∏∞‡∏≠‡πà‡∏≠‡∏ô‡∏•‡πâ‡∏≤ ‡∏ñ‡πâ‡∏≤‡πÉ‡∏à‡∏™‡∏π‡πâ‡∏°‡∏±‡∏ô‡∏Å‡πá‡∏ó‡∏≥‡πÑ‡∏î‡πâ,,0,35,2019-12-13,en
CZnUVG3fRJLC4iotdXiASUYbRDEMgN91mtKy2uoTYjc=,CZnUVG3fRJLC4iotdXiASUYbRDEMgN91mtKy2uoTYjc=,CZnUVG3fRJLC4iotdXiASUYbRDEMgN91mtKy2uoTYjc=,,Hi,,13,93,2019-12-09,th
6N26hXsqVY63TxUWhMH8Lw20ji6HZSdrOKSAODvgDE=,6N26hXsqVY63TxUWhMH8Lw20ji6HZSdrOKSAODvgDE=,6N26hXsqVY63TxUWhMH8Lw20ji6HZSdrOKSAODvgDE=,,****,,0,1,2020-01-14,en
LREz+iuuzb2pBUk8RUJcPm14Xt9mwFTTsAVgW5tkjig=,LREz+iuuzb2pBUk8RUJcPm14Xt9mwFTTsAVgW5tkjig=,LREz+iuuzb2pBUk8RUJcPm14Xt9mwFTTsAVgW5tkjig=,,,,1,22,2019-12-06,en
x0oFs3K4IKRq2ghyn4hBeVEVBPDIIVqlkjsNWmJl1E=,x0oFs3K4IKRq2ghyn4hBeVEVBPDIIVqlkjsNWmJl1E=,x0oFs3K4IKRq2ghyn4hBeVEVBPDIIVqlkjsNWmJl1E=,,,,4,23,2020-02-11,th
Nfr74Gs5NXxkpRviM0Tghyv5bWz7H6sgaeNcQ34MY=,Nfr74Gs5NXxkpRviM0Tghyv5bWz7H6sgaeNcQ34MY=,Nfr74Gs5NXxkpRviM0Tghyv5bWz7H6sgaeNcQ34MY=,,,,0,6,2019-11-04,en
nRTIJ9P9o4jToxjbG+46sExIUye4TSevGpw2OfmcJ2I=,nRTIJ9P9o4jToxjbG+46sExIUye4TSevGpw2OfmcJ2I=,nRTIJ9P9o4jToxjbG+46sExIUye4TSevGpw2OfmcJ2I=,,‡∏Ñ‡∏ß‡∏≤‡∏°‡∏™‡∏∏‡∏Ç‡∏Ñ‡∏∑‡∏≠‡∏≠‡∏∞‡πÑ‡∏£???,,0,0,2019-12-07,en
ZnGChODBWhhwWzosd3B5KZnTX8HQ1w00tMe9jt06XjE=,ZnGChODBWhhwWzosd3B5KZnTX8HQ1w00tMe9jt06XjE=,ZnGChODBWhhwWzosd3B5KZnTX8HQ1w00tMe9jt06XjE=,,,,0,23,2020-01-25,en
Xz5OugwTQaNUeFn+jSKgiC2I670VAk5nMp0KC9xqFo=,Xz5OugwTQaNUeFn+jSKgiC2I670VAk5nMp0KC9xqFo=,Xz5OugwTQaNUeFn+jSKgiC2I670VAk5nMp0KC9xqFo=,,-,,0,5,2020-02-20,en
WXpqsIsqLKIJa9zzZm6FzDPEPWV0Dawq8ntn6U60WYg=,WXpqsIsqLKIJa9zzZm6FzDPEPWV0Dawq8ntn6U60WYg=,WXpqsIsqLKIJa9zzZm6FzDPEPWV0Dawq8ntn6U60WYg=,,,,2,3,2019-11-06,en
SKMvSYNxbem33Qv39Ysd+Xx8dLx7ZtXUwxI7D5vPjw=,SKMvSYNxbem33Qv39Ysd+Xx8dLx7ZtXUwxI7D5vPjw=,SKMvSYNxbem33Qv39Ysd+Xx8dLx7ZtXUwxI7D5vPjw=,,,,6,34,2020-01-03,th
h1O1W6l5QsqOxfoGPO8XY4O7ZLTGU9nxMIioRo161GY=,h1O1W6l5QsqOxfoGPO8XY4O7ZLTGU9nxMIioRo161GY=,h1O1W6l5QsqOxfoGPO8XY4O7ZLTGU9nxMIioRo161GY=,,‡∏Å‡πá‡∏´‡∏°‡∏ß‡∏¢‡∏ô‡∏µ‡πà‡∏Ñ‡πà‡∏∞ ‡∏£‡∏±‡∏Å‡∏õ‡πà‡∏∞,,3,37,2020-01-09,en
Id2XHNkCh84YWmowRL7PurIG0OfkkfNDhqWGHnqUwtM=,Id2XHNkCh84YWmowRL7PurIG0OfkkfNDhqWGHnqUwtM=,Id2XHNkCh84YWmowRL7PurIG0OfkkfNDhqWGHnqUwtM=,,‡∏ß‡∏≤‡∏¢‡πÜ,,0,6,2020-01-13,en
GJUkMiG2EDrRfRudBTN11GEIuZzpumgyT6rNqyi4=,GJUkMiG2EDrRfRudBTN11GEIuZzpumgyT6rNqyi4=,GJUkMiG2EDrRfRudBTN11GEIuZzpumgyT6rNqyi4=,,‡∏Ñ‡∏ô‡∏û‡∏¥‡πÄ‡∏®‡∏©,,0,7,2019-12-08,en
fo4xHifou1+dRbDVwIMPX4mr4E646qXqM8GBWjLYItQ=,fo4xHifou1+dRbDVwIMPX4mr4E646qXqM8GBWjLYItQ=,fo4xHifou1+dRbDVwIMPX4mr4E646qXqM8GBWjLYItQ=,,‡∏ó‡∏≥‡πÑ‡∏°‡πÄ‡∏ò‡∏≠‡∏ó‡∏≥‡πÅ‡∏ö‡∏ö‡∏ô‡∏µ‡πâ‡∏Å‡∏±‡∏ö‡πÄ‡∏£‡∏≤‡∏ß‡∏∞ ?,,2,56,2019-11-04,th
nGbwjOY2hL+iTKPNVcrjzxNgOlwGs4KSn4Wk3exp0=,nGbwjOY2hL+iTKPNVcrjzxNgOlwGs4KSn4Wk3exp0=,nGbwjOY2hL+iTKPNVcrjzxNgOlwGs4KSn4Wk3exp0=,,,,0,3,2020-01-13,en
yPM0M4CGHx3WifxOkP7iQ3LWco2EesyxzvDCNw9H+PQ=,yPM0M4CGHx3WifxOkP7iQ3LWco2EesyxzvDCNw9H+PQ=,yPM0M4CGHx3WifxOkP7iQ3LWco2EesyxzvDCNw9H+PQ=,,,,1,11,2019-11-05,th
ff1q2b3ZaON1EGCN2DHEj5z5Dpqkw0+i6H5lJkL5haU=,ff1q2b3ZaON1EGCN2DHEj5z5Dpqkw0+i6H5lJkL5haU=,ff1q2b3ZaON1EGCN2DHEj5z5Dpqkw0+i6H5lJkL5haU=,,,,2,12,2019-11-06,en
UwthslltHwEShRaOevvXrvU4JRTq2VAzWKyISpcVc=,UwthslltHwEShRaOevvXrvU4JRTq2VAzWKyISpcVc=,UwthslltHwEShRaOevvXrvU4JRTq2VAzWKyISpcVc=,,‡∏Ñ‡πà‡∏≤‡∏¢‡πÄ‡∏õ‡∏£‡∏°‡∏ï‡∏¥‡∏ì‡∏™‡∏π‡∏•‡∏≤‡∏ô‡∏ô‡∏ó‡πå,,4,17,2020-01-13,th
eYGM57PwXQuFa9QboVbGOIxeSm7A2P8oqxAiSaFvLc=,eYGM57PwXQuFa9QboVbGOIxeSm7A2P8oqxAiSaFvLc=,eYGM57PwXQuFa9QboVbGOIxeSm7A2P8oqxAiSaFvLc=,,away form you,,0,10,2019-12-07,en
kdaIATgRNWVUa4ZQIzsohhbH6KvwyTi1kFrOSvWx7Gs=,kdaIATgRNWVUa4ZQIzsohhbH6KvwyTi1kFrOSvWx7Gs=,kdaIATgRNWVUa4ZQIzsohhbH6KvwyTi1kFrOSvWx7Gs=,,,,0,14,2019-06-12,en
yeZLf0FVzHwBJRGGUWSTuqszjhMgP6wvUl7szSNxcOs=,yeZLf0FVzHwBJRGGUWSTuqszjhMgP6wvUl7szSNxcOs=,yeZLf0FVzHwBJRGGUWSTuqszjhMgP6wvUl7szSNxcOs=,,‡πÇ‡∏™‡∏î‡∏Ñ‡∏±‡∏ö‡∏≠‡∏¢‡∏≤‡∏Å‡πÇ‡∏î‡∏ô,,0,9,2020-01-08,en
IFc7qfzPCvBoe0Fv5FIjjM7MM6F3IduLdc3VkFayR4=,IFc7qfzPCvBoe0Fv5FIjjM7MM6F3IduLdc3VkFayR4=,IFc7qfzPCvBoe0Fv5FIjjM7MM6F3IduLdc3VkFayR4=,,,,0,8,2019-12-05,th
AdFRldth1eg0Me2X91TaUvp0TlU3hW9iF9iDbQoKg=,AdFRldth1eg0Me2X91TaUvp0TlU3hW9iF9iDbQoKg=,AdFRldth1eg0Me2X91TaUvp0TlU3hW9iF9iDbQoKg=,,‡πÑ‡∏°‡πà‡∏°‡∏µ‡∏≠‡∏∞‡πÑ‡∏£‡∏ó‡∏µ‡πà‡πÄ‡∏£‡∏≤‡∏ó‡∏≥‡πÑ‡∏°‡πà‡πÑ‡∏î‡πâ‡∏ñ‡πâ‡∏≤‡πÑ‡∏°‡πà‡∏û‡∏¢‡∏≤‡∏¢‡∏≤‡∏°,,0,16,2020-01-02,th
7Xo1krAZvNW9+zPdZW+bttQ07S6Mjz+k7AYA5vR9BU=,7Xo1krAZvNW9+zPdZW+bttQ07S6Mjz+k7AYA5vR9BU=,7Xo1krAZvNW9+zPdZW+bttQ07S6Mjz+k7AYA5vR9BU=,,‡∏ô‡∏±‡πà‡∏á‡∏Å‡∏¥‡∏ô‡πÄ‡∏´‡∏•‡πâ‡∏≤,,1,64,2020-01-23,th
GOytfmXy37IqtEB6DGYI73fDhGJjdczFlGeq0sljw=,GOytfmXy37IqtEB6DGYI73fDhGJjdczFlGeq0sljw=,GOytfmXy37IqtEB6DGYI73fDhGJjdczFlGeq0sljw=,,,,0,3,2019-12-09,en
wkPEU5MBDwDM7TCR1NbH2iYL7fi4UbkK4sBV3P77pPg=,wkPEU5MBDwDM7TCR1NbH2iYL7fi4UbkK4sBV3P77pPg=,wkPEU5MBDwDM7TCR1NbH2iYL7fi4UbkK4sBV3P77pPg=,,,,3,2,2020-01-06,en
s2GDUNty1obg9K3A92tCpeqjE1HZCnEksyMKhycw934=,s2GDUNty1obg9K3A92tCpeqjE1HZCnEksyMKhycw934=,s2GDUNty1obg9K3A92tCpeqjE1HZCnEksyMKhycw934=,,,,1,10,2020-01-15,th
FYEvmdQVOUIGPb+hwWGlLNxaK3xgPKGapadRftnvp+o=,FYEvmdQVOUIGPb+hwWGlLNxaK3xgPKGapadRftnvp+o=,FYEvmdQVOUIGPb+hwWGlLNxaK3xgPKGapadRftnvp+o=,,‡∏Ñ‡∏ô‡∏î‡∏µ,,0,3,2019-10-03,en
dxbke8UK+WKEhC6rjQjeHJuGGw6XJaXQlOfnezKs4w=,dxbke8UK+WKEhC6rjQjeHJuGGw6XJaXQlOfnezKs4w=,dxbke8UK+WKEhC6rjQjeHJuGGw6XJaXQlOfnezKs4w=,,Just play then sleep zzzz,,0,12,2019-12-08,en
bPjP9WuRYAJv6kcNZUp6PF95fNYTCR00w2jpdfmPZSs=,bPjP9WuRYAJv6kcNZUp6PF95fNYTCR00w2jpdfmPZSs=,bPjP9WuRYAJv6kcNZUp6PF95fNYTCR00w2jpdfmPZSs=,,no problem,,0,3,2019-12-08,en
cgjv+vcRwlyv5phOj+i4NArA7EJJANX3IemTqyXhko=,cgjv+vcRwlyv5phOj+i4NArA7EJJANX3IemTqyXhko=,cgjv+vcRwlyv5phOj+i4NArA7EJJANX3IemTqyXhko=,,,,0,15,2020-01-15,th
lf4gNOh7NlDKhpHVo67sqM6WoELxIBUoePKmNvjqIE=,lf4gNOh7NlDKhpHVo67sqM6WoELxIBUoePKmNvjqIE=,lf4gNOh7NlDKhpHVo67sqM6WoELxIBUoePKmNvjqIE=,,,,0,5,2020-01-14,en
LTI1EVhYVev8OA9zGubTvkpKDXhSaeFvChjvh7toKXQ=,LTI1EVhYVev8OA9zGubTvkpKDXhSaeFvChjvh7toKXQ=,LTI1EVhYVev8OA9zGubTvkpKDXhSaeFvChjvh7toKXQ=,,‡∏•‡∏∑‡∏°‡πÑ‡∏õ‡∏Å‡πà‡∏≠‡∏ô,,1,10,2020-01-31,th
35ZGkfndbjvmzELgmjltkFZWG9Rr7s8CEK24b0VTkE=,35ZGkfndbjvmzELgmjltkFZWG9Rr7s8CEK24b0VTkE=,35ZGkfndbjvmzELgmjltkFZWG9Rr7s8CEK24b0VTkE=,,,,3,12,2019-12-24,th
Rql5E4ZzoqM7IysFp2HoGhDIWNvQPnuJOxZ1RbRA4g=,Rql5E4ZzoqM7IysFp2HoGhDIWNvQPnuJOxZ1RbRA4g=,Rql5E4ZzoqM7IysFp2HoGhDIWNvQPnuJOxZ1RbRA4g=,"‡∏Å‡∏£‡∏∏‡∏á‡πÄ‡∏ó‡∏û‡∏°‡∏´‡∏≤‡∏ô‡∏Ñ‡∏£, ‡∏õ‡∏£‡∏∞‡πÄ‡∏ó‡∏®‡πÑ‡∏ó‡∏¢",‡πÄ‡∏õ‡πá‡∏ô‡∏ï‡∏±‡∏ß ‡∏Ç‡∏≠‡∏á‡∏ï‡∏±‡∏ß‡πÄ‡∏≠‡∏á‡∏î‡∏µ‡∏ó‡∏µ‡πà‡∏™‡∏∏‡∏î,,2,8,2020-01-03,th
nV9SW00sxxxBWNXS5PO7mgheoLuQLe3DjHHtaGSA6os=,nV9SW00sxxxBWNXS5PO7mgheoLuQLe3DjHHtaGSA6os=,nV9SW00sxxxBWNXS5PO7mgheoLuQLe3DjHHtaGSA6os=,,,,0,1,2020-02-21,th
FbXc+Xl7FiJ6iEsuI97qbpojgWZDTaepWA1OqZVpPAY=,FbXc+Xl7FiJ6iEsuI97qbpojgWZDTaepWA1OqZVpPAY=,FbXc+Xl7FiJ6iEsuI97qbpojgWZDTaepWA1OqZVpPAY=,,‡πÄ‡∏£‡∏µ‡∏¢‡∏ô‡πÜ‡πÜ,,2,8,2020-01-08,en
2NprmRR+mhkSLLKel+OdgxDQac6FIx1Yq33D6hblig=,2NprmRR+mhkSLLKel+OdgxDQac6FIx1Yq33D6hblig=,2NprmRR+mhkSLLKel+OdgxDQac6FIx1Yq33D6hblig=,,,,1,6,2019-12-21,en
rsyTZunQSHD0wcGmbSadRR+9Eo70CSUGQ1uT5i0B+Sg=,rsyTZunQSHD0wcGmbSadRR+9Eo70CSUGQ1uT5i0B+Sg=,rsyTZunQSHD0wcGmbSadRR+9Eo70CSUGQ1uT5i0B+Sg=,,araaaa....~~~,,4,50,2020-01-14,en
EGar47qB4JqlPG9y0ormxgmsqX9yqN4O7ZWT8pV80Xo=,EGar47qB4JqlPG9y0ormxgmsqX9yqN4O7ZWT8pV80Xo=,EGar47qB4JqlPG9y0ormxgmsqX9yqN4O7ZWT8pV80Xo=,,,,0,34,2019-11-22,en
oh6H5ouVAbxn0VEnEO8Khwlsd0uLeCvnd+m9Dg1tKEY=,oh6H5ouVAbxn0VEnEO8Khwlsd0uLeCvnd+m9Dg1tKEY=,oh6H5ouVAbxn0VEnEO8Khwlsd0uLeCvnd+m9Dg1tKEY=,,,,0,33,2020-01-14,en
bkxRMBUXZLiQLAl3teXcCFp55OXjO2LQUHrVIPUZReQ=,bkxRMBUXZLiQLAl3teXcCFp55OXjO2LQUHrVIPUZReQ=,bkxRMBUXZLiQLAl3teXcCFp55OXjO2LQUHrVIPUZReQ=,,,,0,12,2020-01-09,th
mJs4D7Eo31ssGpiezMdAsUaPU8HYDk0MJTN0Jqc6Yng=,mJs4D7Eo31ssGpiezMdAsUaPU8HYDk0MJTN0Jqc6Yng=,mJs4D7Eo31ssGpiezMdAsUaPU8HYDk0MJTN0Jqc6Yng=,,,,0,2,2019-12-07,en
GvNdsRKUgUn8PM+1g2VoZO5LNPJHYHfnRcdIuS0gew=,GvNdsRKUgUn8PM+1g2VoZO5LNPJHYHfnRcdIuS0gew=,GvNdsRKUgUn8PM+1g2VoZO5LNPJHYHfnRcdIuS0gew=,,,,2,43,2019-12-06,th
5Ma1yttR1L4XJsl39s0PkyFzjDcScnCoBne1R70Rxo=,5Ma1yttR1L4XJsl39s0PkyFzjDcScnCoBne1R70Rxo=,5Ma1yttR1L4XJsl39s0PkyFzjDcScnCoBne1R70Rxo=,,,,0,4,2020-01-09,en
6dw5LMNipp0KPULNPJ97lxyFGCRx2tNfw3L2kaG+WJU=,6dw5LMNipp0KPULNPJ97lxyFGCRx2tNfw3L2kaG+WJU=,6dw5LMNipp0KPULNPJ97lxyFGCRx2tNfw3L2kaG+WJU=,,‡∏°‡∏∂‡∏á‡∏à‡∏∞‡∏õ‡∏•‡∏∏‡∏Å‡∏õ‡∏±‡πà‡∏ô‡∏õ‡∏£‡∏∞‡∏ä‡∏≤‡∏ä‡∏ô‡∏¢‡∏±‡∏á‡πÑ‡∏á‡∏Å‡πá‡∏ó‡∏≥‡πÑ‡∏õ ‡πÅ‡∏ï‡πà‡∏≠‡∏¢‡πà‡∏≤‡∏°‡∏≤‡∏´‡∏°‡∏¥‡πà‡∏ô‡∏Å‡∏©‡∏±‡∏ï‡∏£‡∏¥‡∏¢‡πå‡∏Ç‡∏≠‡∏á‡∏Å‡∏π,,8,99,2019-12-08,th
2UxYx3EetLr5o072x2DpavfZED0gLOgZpZfeAy3awA=,2UxYx3EetLr5o072x2DpavfZED0gLOgZpZfeAy3awA=,2UxYx3EetLr5o072x2DpavfZED0gLOgZpZfeAy3awA=,,,,1,19,2020-01-09,th
qgbbYJS3+vrON7Z0SCaNsaKCwGirV3QRomcw35wNkQ=,qgbbYJS3+vrON7Z0SCaNsaKCwGirV3QRomcw35wNkQ=,qgbbYJS3+vrON7Z0SCaNsaKCwGirV3QRomcw35wNkQ=,,,,0,15,2020-01-15,th
o+cE9OO8YrBZmUNJaxeoLsouEXnEzT+2Pyrp5nqqtE=,o+cE9OO8YrBZmUNJaxeoLsouEXnEzT+2Pyrp5nqqtE=,o+cE9OO8YrBZmUNJaxeoLsouEXnEzT+2Pyrp5nqqtE=,,‡∏ú‡∏°‡∏ô‡∏µ‡πà‡πÅ‡∏´‡∏•‡∏∞,,1,14,2019-12-05,th
piztCgTNZI6rsEbkOGHvBjP2mUv1zVINGFdlmF4T8=,piztCgTNZI6rsEbkOGHvBjP2mUv1zVINGFdlmF4T8=,piztCgTNZI6rsEbkOGHvBjP2mUv1zVINGFdlmF4T8=,,,,0,2,2020-01-09,en
qCr4GfY8+oxalzw94u8RCZhaBkJ45XOtYdV8NOLUA=,qCr4GfY8+oxalzw94u8RCZhaBkJ45XOtYdV8NOLUA=,qCr4GfY8+oxalzw94u8RCZhaBkJ45XOtYdV8NOLUA=,,SEXY,,0,1,2020-01-14,en
QXcLYvzGmphDvWZsIXtDbX4Nimk60KhMaDLbvQbCo=,QXcLYvzGmphDvWZsIXtDbX4Nimk60KhMaDLbvQbCo=,QXcLYvzGmphDvWZsIXtDbX4Nimk60KhMaDLbvQbCo=,,,,1,35,2020-01-14,en
sv9h4JbqDnKCjzjeHwNWSI+wDDbz46j2bXbWZd3pC4=,sv9h4JbqDnKCjzjeHwNWSI+wDDbz46j2bXbWZd3pC4=,sv9h4JbqDnKCjzjeHwNWSI+wDDbz46j2bXbWZd3pC4=,,‡∏Å‡∏≤‡∏•‡πÄ‡∏ß‡∏•‡∏≤ ‡∏ó‡∏µ‡πà‡∏¢‡∏±‡∏á‡∏¢‡πâ‡∏≥‡πÄ‡∏ï‡∏∑‡∏≠‡∏ô‡∏Ñ‡∏ß‡∏≤‡∏°‡∏ó‡∏£‡∏á‡∏à‡∏≥‡∏î‡∏µ‡πÜ‡πÑ‡∏°‡πà‡πÄ‡∏Ñ‡∏¢‡πÄ‡∏™‡∏∑‡πà‡∏≠‡∏°,,1,0,2019-12-07,en
LLt7vf5+GaP6sXEzX8SJ+plcfDTgX6FBR70iYba6k8M=,LLt7vf5+GaP6sXEzX8SJ+plcfDTgX6FBR70iYba6k8M=,LLt7vf5+GaP6sXEzX8SJ+plcfDTgX6FBR70iYba6k8M=,,,,0,2,2020-01-15,th
bHEDuOkkJzHRNbxbEukmEaJVNA+ld3MhTdAwih3mmG0=,bHEDuOkkJzHRNbxbEukmEaJVNA+ld3MhTdAwih3mmG0=,bHEDuOkkJzHRNbxbEukmEaJVNA+ld3MhTdAwih3mmG0=,,‡∏ö‡∏£‡∏£‡∏¢‡∏≤‡∏Å‡∏≤‡∏®‡∏ä‡πà‡∏≤‡∏á‡∏´‡∏ô‡∏≤‡∏ß‡πÄ‡∏´‡∏ô‡πá‡∏ö,,1,0,2019-12-07,en
xJ7oBtBQ5LwtB0heD3ikQI9IPRLEHZQLOoxa0oVSCDI=,xJ7oBtBQ5LwtB0heD3ikQI9IPRLEHZQLOoxa0oVSCDI=,xJ7oBtBQ5LwtB0heD3ikQI9IPRLEHZQLOoxa0oVSCDI=,,,,1,2,2019-12-08,th
78y3umyudQU21ga4F+SFPvTR4KXSY+3LxqmgUYQsuQ=,78y3umyudQU21ga4F+SFPvTR4KXSY+3LxqmgUYQsuQ=,78y3umyudQU21ga4F+SFPvTR4KXSY+3LxqmgUYQsuQ=,,‡∏≠‡∏¥‡∏≠‡∏¥ ‡∏Ñ‡∏∏‡∏Ñ‡∏∏,,0,6,2020-01-13,en
cdLuDy2Kofg74lQL69GW8zUsfWafYDMChX7N7VNrmjs=,cdLuDy2Kofg74lQL69GW8zUsfWafYDMChX7N7VNrmjs=,cdLuDy2Kofg74lQL69GW8zUsfWafYDMChX7N7VNrmjs=,,just wanna play game,,0,10,2019-12-08,en
aSjOGDAwYMl8+cWa8kJGx5Vznsn00ukJ2FrNgxuSHGM=,aSjOGDAwYMl8+cWa8kJGx5Vznsn00ukJ2FrNgxuSHGM=,aSjOGDAwYMl8+cWa8kJGx5Vznsn00ukJ2FrNgxuSHGM=,,,,23,41,2020-01-08,en
UBZHgl3iFaAdwGNyBxNCopSX+zoSPo488zZSwP+zzNs=,UBZHgl3iFaAdwGNyBxNCopSX+zoSPo488zZSwP+zzNs=,UBZHgl3iFaAdwGNyBxNCopSX+zoSPo488zZSwP+zzNs=,,,,1,32,2020-01-14,th
1BuqfF5H28f+BcR5h6rv3wIamNK736MH6+YpYPYTk=,1BuqfF5H28f+BcR5h6rv3wIamNK736MH6+YpYPYTk=,1BuqfF5H28f+BcR5h6rv3wIamNK736MH6+YpYPYTk=,,,,0,2,2020-02-22,th
ZczSdkafT15FHhVyQ8iQAYmugCtFwsLU63fNvzovD94=,ZczSdkafT15FHhVyQ8iQAYmugCtFwsLU63fNvzovD94=,ZczSdkafT15FHhVyQ8iQAYmugCtFwsLU63fNvzovD94=,,,,21,158,2020-01-14,en
LYJh4dSgTzB6oQrvkKnas5qB0gxsaVXPVBzn2RAUx28=,LYJh4dSgTzB6oQrvkKnas5qB0gxsaVXPVBzn2RAUx28=,LYJh4dSgTzB6oQrvkKnas5qB0gxsaVXPVBzn2RAUx28=,,,,0,22,2020-01-14,th
mOT7pR0fFdzGjuJ6XaY16RCHfKUMzeTBB7UnkEhO5PQ=,mOT7pR0fFdzGjuJ6XaY16RCHfKUMzeTBB7UnkEhO5PQ=,mOT7pR0fFdzGjuJ6XaY16RCHfKUMzeTBB7UnkEhO5PQ=,,,,0,10,2020-01-13,th
JaamBVCzMx98kWgMnUa1sOQa0SA5EgxagaSPgP1idk=,JaamBVCzMx98kWgMnUa1sOQa0SA5EgxagaSPgP1idk=,JaamBVCzMx98kWgMnUa1sOQa0SA5EgxagaSPgP1idk=,‡∏õ‡∏£‡∏∞‡πÄ‡∏ó‡∏®‡πÑ‡∏ó‡∏¢,‡∏≠‡∏¢‡πà‡∏≤‡πÄ‡∏™‡∏∑‡∏≠‡∏Å,,1,14,2019-12-12,th
qMKz2T1uAfotbcCzDYXBx3bhVt+XRCD2fAI7ty2c3co=,qMKz2T1uAfotbcCzDYXBx3bhVt+XRCD2fAI7ty2c3co=,qMKz2T1uAfotbcCzDYXBx3bhVt+XRCD2fAI7ty2c3co=,,,,2,28,2017-09-12,th
AF+KJJzkrDk4rvAoeBjaELiuKbQOF83xYBxHzLPg8=,AF+KJJzkrDk4rvAoeBjaELiuKbQOF83xYBxHzLPg8=,AF+KJJzkrDk4rvAoeBjaELiuKbQOF83xYBxHzLPg8=,,007,,0,30,2019-10-03,th
1M2dnbIGZIVk8o+ZyaTuEyzZvecopi39LEctYzaGzYc=,1M2dnbIGZIVk8o+ZyaTuEyzZvecopi39LEctYzaGzYc=,1M2dnbIGZIVk8o+ZyaTuEyzZvecopi39LEctYzaGzYc=,,,,0,0,2020-01-21,th
VTybUSgAaCOi+EnEcmjyoWqnkrgPwz8n15y2BrcmMdc=,VTybUSgAaCOi+EnEcmjyoWqnkrgPwz8n15y2BrcmMdc=,VTybUSgAaCOi+EnEcmjyoWqnkrgPwz8n15y2BrcmMdc=,Texas USA,,,2,29,2019-12-06,en
zDYz0xLlDkMeE99SWphLV+Iv1rwwNCvsqo0aLc4VYs=,zDYz0xLlDkMeE99SWphLV+Iv1rwwNCvsqo0aLc4VYs=,zDYz0xLlDkMeE99SWphLV+Iv1rwwNCvsqo0aLc4VYs=,,‡∏ä‡∏≠‡∏ö‡∏•‡∏¥‡πÄ‡∏ß‡∏≠‡∏£‡πå‡∏û‡∏π‡∏•,,7,59,2020-01-09,th
5D5m7kUmuyEs+yq6qxazy5gz2evjQ40wJQRnfTP4Ayk=,5D5m7kUmuyEs+yq6qxazy5gz2evjQ40wJQRnfTP4Ayk=,5D5m7kUmuyEs+yq6qxazy5gz2evjQ40wJQRnfTP4Ayk=,,,,3,9,2019-12-06,en
16ITCf67TdMkdyI+OBxbkxI14sApbQw1yYyaVrGE3Y=,16ITCf67TdMkdyI+OBxbkxI14sApbQw1yYyaVrGE3Y=,16ITCf67TdMkdyI+OBxbkxI14sApbQw1yYyaVrGE3Y=,,.....No. messager.,,1,37,2019-12-12,th
GWASzSSfv9B1yN9Ao6rg1rvokWbsg2JKzb+ByPeDP8k=,GWASzSSfv9B1yN9Ao6rg1rvokWbsg2JKzb+ByPeDP8k=,GWASzSSfv9B1yN9Ao6rg1rvokWbsg2JKzb+ByPeDP8k=,,,,2,34,2020-01-02,en
yxXsyp1DeGawdE6dxnYzWVx2m3g0r7V+eBSoCX4d35E=,yxXsyp1DeGawdE6dxnYzWVx2m3g0r7V+eBSoCX4d35E=,yxXsyp1DeGawdE6dxnYzWVx2m3g0r7V+eBSoCX4d35E=,,,,21,61,2020-01-08,en
w2SKfvLmiLpSmd5morwk+50cpE8NXZIpsMVm4KPA8=,w2SKfvLmiLpSmd5morwk+50cpE8NXZIpsMVm4KPA8=,w2SKfvLmiLpSmd5morwk+50cpE8NXZIpsMVm4KPA8=,,‡∏î‡∏π‡∏´‡∏ô‡∏±‡∏á ‡∏•‡∏∞‡∏Ñ‡∏£ ‡πÅ‡∏•‡∏∞‡∏ô‡∏≠‡∏ô‡πÄ‡∏õ‡πá‡∏ô‡∏Å‡∏¥‡∏à‡∏ß‡∏±‡∏ï‡∏£,,0,1,2019-12-07,en
UBQOPCexawDHBkUzha2Wk9Pp2D53UUr8X4hdikguv0=,UBQOPCexawDHBkUzha2Wk9Pp2D53UUr8X4hdikguv0=,UBQOPCexawDHBkUzha2Wk9Pp2D53UUr8X4hdikguv0=,,...,,0,7,2020-02-21,en
9DXPYigaViKdRlXiTPGUy4qeLMNYCam0250tuGJE70=,9DXPYigaViKdRlXiTPGUy4qeLMNYCam0250tuGJE70=,9DXPYigaViKdRlXiTPGUy4qeLMNYCam0250tuGJE70=,,,,0,14,2019-11-06,en
Ai5wLom3hnrzPCsdtCB2wgoPS6HTcKF+fIPDtmooWoU=,Ai5wLom3hnrzPCsdtCB2wgoPS6HTcKF+fIPDtmooWoU=,Ai5wLom3hnrzPCsdtCB2wgoPS6HTcKF+fIPDtmooWoU=,,-,,0,4,2020-02-20,en
bt2GoGJnNjcVtTeqVe+S+xy+DInSFNmxstcC5a3hJw=,bt2GoGJnNjcVtTeqVe+S+xy+DInSFNmxstcC5a3hJw=,bt2GoGJnNjcVtTeqVe+S+xy+DInSFNmxstcC5a3hJw=,,,,0,1,2020-01-14,en
f07o9+701FoUZFswufHalXetPTKjMJOKi8ny1SxdEc=,f07o9+701FoUZFswufHalXetPTKjMJOKi8ny1SxdEc=,f07o9+701FoUZFswufHalXetPTKjMJOKi8ny1SxdEc=,,,,0,31,2020-01-14,en
ZQdiLmZFLhxK7uBjq6P5KAW5o40DnXlRSm78uiyBoik=,ZQdiLmZFLhxK7uBjq6P5KAW5o40DnXlRSm78uiyBoik=,ZQdiLmZFLhxK7uBjq6P5KAW5o40DnXlRSm78uiyBoik=,,,,0,22,2019-12-08,en
CUYcUXkJS5r5RCfmxTmWySvHQ+eB+XVqF9Bu7EQjMs=,CUYcUXkJS5r5RCfmxTmWySvHQ+eB+XVqF9Bu7EQjMs=,CUYcUXkJS5r5RCfmxTmWySvHQ+eB+XVqF9Bu7EQjMs=,,yee haa,,0,10,2020-01-14,en
aqPCxgx2Codb9kIgoYS8YXSbAGEC41rje+MQAipHw=,aqPCxgx2Codb9kIgoYS8YXSbAGEC41rje+MQAipHw=,aqPCxgx2Codb9kIgoYS8YXSbAGEC41rje+MQAipHw=,,,,1,4,2019-12-09,th
ouSrpV+zLst1Bo1gDMFNMVo+UF94m9Rb8jA7GgKmQyM=,ouSrpV+zLst1Bo1gDMFNMVo+UF94m9Rb8jA7GgKmQyM=,ouSrpV+zLst1Bo1gDMFNMVo+UF94m9Rb8jA7GgKmQyM=,,,,1,41,2020-01-03,th
v5BCpRu8MFFvSUpLgqsFgVUTlu0Z9C4uwSjxqLSEho=,v5BCpRu8MFFvSUpLgqsFgVUTlu0Z9C4uwSjxqLSEho=,v5BCpRu8MFFvSUpLgqsFgVUTlu0Z9C4uwSjxqLSEho=,,‡πÄ‡∏ó‡∏µ‡πà‡∏¢‡∏ß,,0,17,2020-01-23,en
e5Bk+J2CFppYIswGtUWXlyN2VmezdWZwMZm2YSTdNjs=,e5Bk+J2CFppYIswGtUWXlyN2VmezdWZwMZm2YSTdNjs=,e5Bk+J2CFppYIswGtUWXlyN2VmezdWZwMZm2YSTdNjs=,,,,3,24,2019-11-21,th
tegis31X95Qs+f8jyWLkZxsTTfdsUeKUyOtwPlwBNOk=,tegis31X95Qs+f8jyWLkZxsTTfdsUeKUyOtwPlwBNOk=,tegis31X95Qs+f8jyWLkZxsTTfdsUeKUyOtwPlwBNOk=,,‡∏°‡∏±‡∏ô‡πÄ‡∏õ‡πá‡∏ô‡∏≠‡∏î‡∏µ‡∏ï‡πÑ‡∏õ‡πÅ‡∏•‡πâ‡∏ß,,1,29,2020-01-21,en
ZvRUm7WNz8CDKY3GQvE3X7FXwMHAv34qJ353Tf3aBA=,ZvRUm7WNz8CDKY3GQvE3X7FXwMHAv34qJ353Tf3aBA=,ZvRUm7WNz8CDKY3GQvE3X7FXwMHAv34qJ353Tf3aBA=,‡∏ú‡∏π‡πâ‡∏ô‡∏≥‡πÅ‡∏´‡πà‡∏á‡∏®‡∏≤‡∏ï‡∏£‡πå‡∏°‡∏∑‡∏î,‡∏™‡∏¥‡∏£‡∏¥‡πÄ‡∏™‡∏≠‡∏•‡∏µ‡∏ô,,17,28,2019-12-07,en
QfWHsha6cz3cl0ZRQA1jMen2yPRTH65p75U7nB8Ccc=,QfWHsha6cz3cl0ZRQA1jMen2yPRTH65p75U7nB8Ccc=,QfWHsha6cz3cl0ZRQA1jMen2yPRTH65p75U7nB8Ccc=,,,,15,56,2019-12-09,en
hcOE2sGSN6uE9io+AM1xTVP0uAjlcjKAnuJTYZ8Rhus=,hcOE2sGSN6uE9io+AM1xTVP0uAjlcjKAnuJTYZ8Rhus=,hcOE2sGSN6uE9io+AM1xTVP0uAjlcjKAnuJTYZ8Rhus=,,,,0,2,2020-01-16,en
kbbg630BjClgskPpf97fVUcwk3dTbfGWGn69ix5I=,kbbg630BjClgskPpf97fVUcwk3dTbfGWGn69ix5I=,kbbg630BjClgskPpf97fVUcwk3dTbfGWGn69ix5I=,,‡∏ä‡∏∑‡πà‡∏≠ ‡∏™‡∏∏ ‡∏Ñ‡πà‡∏∞,,3,20,2019-12-06,en
xr2DLHoLDbvkzYfShJUlt2dgzITkcvioHz6eZtLK71I=,xr2DLHoLDbvkzYfShJUlt2dgzITkcvioHz6eZtLK71I=,xr2DLHoLDbvkzYfShJUlt2dgzITkcvioHz6eZtLK71I=,,,,0,49,2020-01-02,th
AQjMEns9PL+qNLi+kFP3D4lI1kLgTPGrjf+vpwkwc2g=,AQjMEns9PL+qNLi+kFP3D4lI1kLgTPGrjf+vpwkwc2g=,AQjMEns9PL+qNLi+kFP3D4lI1kLgTPGrjf+vpwkwc2g=,,,,0,38,2019-12-09,en
PHom7Qi3cvj9Xh6Wxy0k7sHinxF7ysLN62rA8qJ80=,PHom7Qi3cvj9Xh6Wxy0k7sHinxF7ysLN62rA8qJ80=,PHom7Qi3cvj9Xh6Wxy0k7sHinxF7ysLN62rA8qJ80=,,,,2,18,2020-01-14,en
zWXEXafRx2edxmywiQFD38NKzFMaTzGzjQO1IgMisgs=,zWXEXafRx2edxmywiQFD38NKzFMaTzGzjQO1IgMisgs=,zWXEXafRx2edxmywiQFD38NKzFMaTzGzjQO1IgMisgs=,,‡πÄ‡∏õ‡πá‡∏ô‡∏Ñ‡∏ô‡∏î‡∏µ‡∏Ñ‡πà‡∏∞,,0,4,2019-12-06,en
9hphlEExrjhyvvUxiUc4XrTqKE+RqydzbKxTgmjMVoo=,9hphlEExrjhyvvUxiUc4XrTqKE+RqydzbKxTgmjMVoo=,9hphlEExrjhyvvUxiUc4XrTqKE+RqydzbKxTgmjMVoo=,samutprakan,i love keawnam,,0,14,2019-12-07,en
HXnqv3eWOrFfl8zVj42cbM88lrtWLTbydTgMjBAzxFI=,HXnqv3eWOrFfl8zVj42cbM88lrtWLTbydTgMjBAzxFI=,HXnqv3eWOrFfl8zVj42cbM88lrtWLTbydTgMjBAzxFI=,,,,1,71,2020-01-24,en
mfrxkUHUu+ixs8HRBh3ogZ+8PDP9c7LbpBywmCVv64k=,mfrxkUHUu+ixs8HRBh3ogZ+8PDP9c7LbpBywmCVv64k=,mfrxkUHUu+ixs8HRBh3ogZ+8PDP9c7LbpBywmCVv64k=,,‡∏ô‡∏≠‡∏ô‡∏°‡∏≤‡∏Å‡πÜ‡∏õ‡∏£‡∏∞‡πÇ‡∏¢‡∏ä‡∏ô‡πå‡πÄ‡∏´‡∏•‡∏∑‡∏≠‡πÄ‡∏ü‡∏∑‡∏≠,,0,5,2020-01-09,en
chVcQlRxVXoW3+vXA+2BhybCgXGcWmu8+zxQwevw2s=,chVcQlRxVXoW3+vXA+2BhybCgXGcWmu8+zxQwevw2s=,chVcQlRxVXoW3+vXA+2BhybCgXGcWmu8+zxQwevw2s=,,,,2,7,2020-01-10,th
703UXBKfpcCOHDYUavZFlNuuomMvSDMCfsq7WYMBHI=,703UXBKfpcCOHDYUavZFlNuuomMvSDMCfsq7WYMBHI=,703UXBKfpcCOHDYUavZFlNuuomMvSDMCfsq7WYMBHI=,,,,0,2,2020-01-09,en
CNNB7rlmHJQ3VbxMtk8NbqngW51xrNT1Feo2VuvCJXU=,CNNB7rlmHJQ3VbxMtk8NbqngW51xrNT1Feo2VuvCJXU=,CNNB7rlmHJQ3VbxMtk8NbqngW51xrNT1Feo2VuvCJXU=,,‡∏Ñ‡∏ß‡∏≤‡∏°‡∏£‡∏±‡∏Å‡∏≠‡∏±‡∏ô‡∏≠‡∏ö‡∏≠‡∏∏‡πà‡∏ô,,0,2,2020-01-09,en
yF3UsPaq9XzYqWNxBaEivny8KgpNgybTKJLXKNw0lCk=,yF3UsPaq9XzYqWNxBaEivny8KgpNgybTKJLXKNw0lCk=,yF3UsPaq9XzYqWNxBaEivny8KgpNgybTKJLXKNw0lCk=,,,,3,9,2019-12-08,en
VFUZErvT+bvsZzdDMaYbsGt2OeodBEJ2+2A9EHGaE=,VFUZErvT+bvsZzdDMaYbsGt2OeodBEJ2+2A9EHGaE=,VFUZErvT+bvsZzdDMaYbsGt2OeodBEJ2+2A9EHGaE=,,,,0,8,2019-12-08,th
xuBNIi0V41tzz0JbS8hLUBCXtkr17HCQ7dYmpGjgQUw=,xuBNIi0V41tzz0JbS8hLUBCXtkr17HCQ7dYmpGjgQUw=,xuBNIi0V41tzz0JbS8hLUBCXtkr17HCQ7dYmpGjgQUw=,,‡∏™‡∏≤‡∏¢‡∏ö‡πâ‡∏ô‡πÄ‡∏ó‡∏¥‡∏á,,0,15,2019-11-21,th
CTZz7hNRTliQYwE6u2qLrp4jxUR6sB5rIXHM4t15TU4=,CTZz7hNRTliQYwE6u2qLrp4jxUR6sB5rIXHM4t15TU4=,CTZz7hNRTliQYwE6u2qLrp4jxUR6sB5rIXHM4t15TU4=,,,,0,24,2019-12-07,en
5psTSHyvfFAePkc9OV9yzsIfK1dgkO71JH0csfmvGDE=,5psTSHyvfFAePkc9OV9yzsIfK1dgkO71JH0csfmvGDE=,5psTSHyvfFAePkc9OV9yzsIfK1dgkO71JH0csfmvGDE=,,,,1,5,2020-01-09,en
X6dweQgn9QrsdqQKIMtQKzHErf9onmmDhLpnAx22+Nw=,X6dweQgn9QrsdqQKIMtQKzHErf9onmmDhLpnAx22+Nw=,X6dweQgn9QrsdqQKIMtQKzHErf9onmmDhLpnAx22+Nw=,,,,0,28,2019-12-08,th
E7htQv8ZmyD23MMYqWHXn8sGfPgGTRTLpQFIadhiI7Q=,E7htQv8ZmyD23MMYqWHXn8sGfPgGTRTLpQFIadhiI7Q=,E7htQv8ZmyD23MMYqWHXn8sGfPgGTRTLpQFIadhiI7Q=,,,,0,1,2020-01-09,en
KuNd4VkGaY8wjfE0riNY9M70+EUVs+ClWqwhMVO94k=,KuNd4VkGaY8wjfE0riNY9M70+EUVs+ClWqwhMVO94k=,KuNd4VkGaY8wjfE0riNY9M70+EUVs+ClWqwhMVO94k=,,‡∏™‡∏ß‡∏¢‡∏°‡∏≤‡∏ô‡πà‡∏ô‡πÅ‡∏•‡πâ‡∏ß‡∏Ñ‡πà‡∏∞,,3,10,2019-12-06,en
AJr+oYk7cTAf7TtAxWXbthRXf49jazRmSsLzauFqEhc=,AJr+oYk7cTAf7TtAxWXbthRXf49jazRmSsLzauFqEhc=,AJr+oYk7cTAf7TtAxWXbthRXf49jazRmSsLzauFqEhc=,,‡∏≠‡∏¢‡∏π‡πà‡∏ó‡∏µ‡πà‡∏à‡∏∞‡∏ó‡∏≥,,4,138,2020-01-14,en
vgIX9MjQyLfi1Qhzy3LBWHX3tUHnLQXBDZCb2NfLko=,vgIX9MjQyLfi1Qhzy3LBWHX3tUHnLQXBDZCb2NfLko=,vgIX9MjQyLfi1Qhzy3LBWHX3tUHnLQXBDZCb2NfLko=,,‡∏´‡∏¥‡∏ß‡∏Å‡∏¥‡∏ô‡∏Ç‡πâ‡∏≤‡∏ß ‡∏´‡πâ‡∏≤‡∏ß‡∏Å‡∏¥‡∏ô‡∏ï‡∏µ‡∏ô,,5,103,2019-12-07,th
VzWXnjuswDtusk1cvcmoTtDouVXo7Qmnsm8Y+5JYBQ=,VzWXnjuswDtusk1cvcmoTtDouVXo7Qmnsm8Y+5JYBQ=,VzWXnjuswDtusk1cvcmoTtDouVXo7Qmnsm8Y+5JYBQ=,,,,0,11,2019-12-08,th
45H6lT4sIAQVwHSmuDvJBpBe3b9ZkWHd7yv3fsginzM=,45H6lT4sIAQVwHSmuDvJBpBe3b9ZkWHd7yv3fsginzM=,45H6lT4sIAQVwHSmuDvJBpBe3b9ZkWHd7yv3fsginzM=,,,,0,2,2020-01-09,en
pG6fMcH8xnx4RhKKRbVha34cejWg3zQFGVZhwV680U=,pG6fMcH8xnx4RhKKRbVha34cejWg3zQFGVZhwV680U=,pG6fMcH8xnx4RhKKRbVha34cejWg3zQFGVZhwV680U=,,,,32,73,2019-12-09,th
V274c2G8vjArTIOe9TmfJasUDUtJ+tx2vEtt9+32i4=,V274c2G8vjArTIOe9TmfJasUDUtJ+tx2vEtt9+32i4=,V274c2G8vjArTIOe9TmfJasUDUtJ+tx2vEtt9+32i4=,,‡πÄ‡∏•‡∏∑‡∏≠‡∏Å‡∏™‡∏¥‡πà‡∏á‡∏ó‡∏µ‡πà‡∏Ñ‡∏ß‡∏£‡πÄ‡∏•‡∏∑‡∏≠‡∏Å,,1,21,2019-12-09,en
bv6oyitokRyq0zp7hArGwFUGfl26TYo1rSWAhW3ahI=,bv6oyitokRyq0zp7hArGwFUGfl26TYo1rSWAhW3ahI=,bv6oyitokRyq0zp7hArGwFUGfl26TYo1rSWAhW3ahI=,,,,1,19,2020-02-11,th
mBezd7UMiebn4hHecFrIHThVPj7FdItPdrW9kuAh6H4=,mBezd7UMiebn4hHecFrIHThVPj7FdItPdrW9kuAh6H4=,mBezd7UMiebn4hHecFrIHThVPj7FdItPdrW9kuAh6H4=,,‡∏Ç‡∏≥‡πÜ,,0,3,2020-01-15,en
bCK7FySPZGhiqVeCBY3EqQHi01SeRLU9Y8jJQtjOlRY=,bCK7FySPZGhiqVeCBY3EqQHi01SeRLU9Y8jJQtjOlRY=,bCK7FySPZGhiqVeCBY3EqQHi01SeRLU9Y8jJQtjOlRY=,,,,0,2,2020-01-03,th
eNu51949DqYG+iAJrML7KJRuLrfcAe+gi+tXN6xnf7s=,eNu51949DqYG+iAJrML7KJRuLrfcAe+gi+tXN6xnf7s=,eNu51949DqYG+iAJrML7KJRuLrfcAe+gi+tXN6xnf7s=,,‡∏ä‡∏≠‡∏ö‡πÄ‡∏ó‡∏µ‡πà‡∏¢‡∏ß ‡∏ä‡∏≠‡∏ö‡∏Ñ‡∏∏‡∏¢ ‡∏û‡∏ö‡∏õ‡∏∞‡∏Ñ‡∏ô‡πÉ‡∏´‡∏°‡πà,,0,1,2019-11-05,en
mEiNdfvMN5Gob2UzOkNPqKoa2w2cvf8FUDlYdSvnRhI=,mEiNdfvMN5Gob2UzOkNPqKoa2w2cvf8FUDlYdSvnRhI=,mEiNdfvMN5Gob2UzOkNPqKoa2w2cvf8FUDlYdSvnRhI=,,,,0,1,2020-01-16,en
lU3LqKlXpm6Ab30XNDZSqTfPkGv8EjoIiknR1cq6O0Q=,lU3LqKlXpm6Ab30XNDZSqTfPkGv8EjoIiknR1cq6O0Q=,lU3LqKlXpm6Ab30XNDZSqTfPkGv8EjoIiknR1cq6O0Q=,,,,6,66,2019-12-07,th
IzOhJOD1aU5XOwcBCOwvPiNKbs2Yo61yTz+xCM7s81o=,IzOhJOD1aU5XOwcBCOwvPiNKbs2Yo61yTz+xCM7s81o=,IzOhJOD1aU5XOwcBCOwvPiNKbs2Yo61yTz+xCM7s81o=,,,,0,22,2020-01-15,th
ZszZlbVH60DKCHBhOAfvY8EZg1ZTKnlLV7MSFmzM4U=,ZszZlbVH60DKCHBhOAfvY8EZg1ZTKnlLV7MSFmzM4U=,ZszZlbVH60DKCHBhOAfvY8EZg1ZTKnlLV7MSFmzM4U=,,‡∏¢‡∏¥‡∏ô‡∏î‡∏µ‡∏ó‡∏µ‡πà‡∏£‡∏π‡πâ‡∏à‡∏±‡∏Å,,1,34,2019-12-08,en
uUWgc8yJxXDjUEgi5vQmg5IqwRuvho0iQTTSGxEeGQM=,uUWgc8yJxXDjUEgi5vQmg5IqwRuvho0iQTTSGxEeGQM=,uUWgc8yJxXDjUEgi5vQmg5IqwRuvho0iQTTSGxEeGQM=,,‡∏ä‡∏≠‡∏ö‡∏≠‡∏≠‡∏Å‡∏Å‡∏≥‡∏•‡∏±‡∏á‡∏Å‡∏≤‡∏¢üèãÔ∏è,,1,3,2020-01-09,th
cv6kMfk61MZPhpya+NcppZiKIPeIQ9IGn7UgQdOMz7g=,cv6kMfk61MZPhpya+NcppZiKIPeIQ9IGn7UgQdOMz7g=,cv6kMfk61MZPhpya+NcppZiKIPeIQ9IGn7UgQdOMz7g=,,,,4,68,2019-11-07,th
RuevkISURxn7iI5kcJyOr30GLIUqCBgNnUZGxM2NmyA=,RuevkISURxn7iI5kcJyOr30GLIUqCBgNnUZGxM2NmyA=,RuevkISURxn7iI5kcJyOr30GLIUqCBgNnUZGxM2NmyA=,,,,1,23,2019-12-08,th
X9jwLw+55sNJRDwpcApHxqYkHb8ORwDAVBFZSt79k=,X9jwLw+55sNJRDwpcApHxqYkHb8ORwDAVBFZSt79k=,X9jwLw+55sNJRDwpcApHxqYkHb8ORwDAVBFZSt79k=,,,,2,10,2020-01-11,th
JsR3VdH3GvFLCPrwscAvSqh5y1kHNd2WoSE8GisMmac=,JsR3VdH3GvFLCPrwscAvSqh5y1kHNd2WoSE8GisMmac=,JsR3VdH3GvFLCPrwscAvSqh5y1kHNd2WoSE8GisMmac=,,‡∏™‡∏≤‡∏¢‡∏•‡∏° ‡πÅ‡∏™‡∏á‡πÅ‡∏î‡∏î,,1,24,2020-01-31,en
PfVJncRffWlMwnrOft1dUZkV97IRnjlUTPqQQx5szHE=,PfVJncRffWlMwnrOft1dUZkV97IRnjlUTPqQQx5szHE=,PfVJncRffWlMwnrOft1dUZkV97IRnjlUTPqQQx5szHE=,,,,3,7,2019-12-08,en
S0DYooIOCVbq5kZGy3vKtzWaDsYFmg+BVcb47JH2IXs=,S0DYooIOCVbq5kZGy3vKtzWaDsYFmg+BVcb47JH2IXs=,S0DYooIOCVbq5kZGy3vKtzWaDsYFmg+BVcb47JH2IXs=,,,,0,2,2020-01-13,th
nNhNFv46kzfRuGlEQFBW2rMGoOYUFhyTr0KpEPcxI4=,nNhNFv46kzfRuGlEQFBW2rMGoOYUFhyTr0KpEPcxI4=,nNhNFv46kzfRuGlEQFBW2rMGoOYUFhyTr0KpEPcxI4=,,,,5,61,2020-01-09,th
VoeCpdSFDm6v18Ex47yRzzUdghBmlY1tsd3bTEg1cI=,VoeCpdSFDm6v18Ex47yRzzUdghBmlY1tsd3bTEg1cI=,VoeCpdSFDm6v18Ex47yRzzUdghBmlY1tsd3bTEg1cI=,,,,1,1,2020-01-13,en
1rGwrdtZ73IjAokbLgns8V7t1tVz576AQKtBxwqo=,1rGwrdtZ73IjAokbLgns8V7t1tVz576AQKtBxwqo=,1rGwrdtZ73IjAokbLgns8V7t1tVz576AQKtBxwqo=,,^^,,0,1,2020-01-14,en
VPLMMohK0ccj+ihN2p0yUObqcbt8xpFojrgrJLMn5I=,VPLMMohK0ccj+ihN2p0yUObqcbt8xpFojrgrJLMn5I=,VPLMMohK0ccj+ihN2p0yUObqcbt8xpFojrgrJLMn5I=,,,,1,8,2020-01-28,th
VhBPvQz4rpdvfjHxLhPyCadGtcpfo0x97qOIBDQW9FI=,VhBPvQz4rpdvfjHxLhPyCadGtcpfo0x97qOIBDQW9FI=,VhBPvQz4rpdvfjHxLhPyCadGtcpfo0x97qOIBDQW9FI=,,,,3,108,2019-12-07,th
RAjb1nfmHRNp6hTZfTSCxitv0u4EmwbMAIPpSyBqxz8=,RAjb1nfmHRNp6hTZfTSCxitv0u4EmwbMAIPpSyBqxz8=,RAjb1nfmHRNp6hTZfTSCxitv0u4EmwbMAIPpSyBqxz8=,,i'm SAD,,0,2,2020-01-14,en
ZUhjrOVYvxJC26MAyv5HdxnoqEjAuht5FlNqu4a+oo=,ZUhjrOVYvxJC26MAyv5HdxnoqEjAuht5FlNqu4a+oo=,ZUhjrOVYvxJC26MAyv5HdxnoqEjAuht5FlNqu4a+oo=,,,,0,4,2019-12-09,en
HxIbd06dRrhmZMM+vGna8QVdN0aRuVmeqI3lxueJ4=,HxIbd06dRrhmZMM+vGna8QVdN0aRuVmeqI3lxueJ4=,HxIbd06dRrhmZMM+vGna8QVdN0aRuVmeqI3lxueJ4=,,,,1,9,2020-02-21,en
8ZkDgiZ1Zk6tPFouqTfuAKW70U1E4KvfPkuvTSPtHM=,8ZkDgiZ1Zk6tPFouqTfuAKW70U1E4KvfPkuvTSPtHM=,8ZkDgiZ1Zk6tPFouqTfuAKW70U1E4KvfPkuvTSPtHM=,,,,0,10,2020-01-15,th
RlhPHIVm4umvGjKlwELMvFoCwZZ2XRUnA+nK5MXYYM=,RlhPHIVm4umvGjKlwELMvFoCwZZ2XRUnA+nK5MXYYM=,RlhPHIVm4umvGjKlwELMvFoCwZZ2XRUnA+nK5MXYYM=,,‡∏á‡∏±‡πà‡∏°‡πÜ,,1,19,2020-01-03,th
rWrKoK16+a+vttN19+ivjHP+inLuby7vaBwcbfMdU=,rWrKoK16+a+vttN19+ivjHP+inLuby7vaBwcbfMdU=,rWrKoK16+a+vttN19+ivjHP+inLuby7vaBwcbfMdU=,,asdasdasd,,0,0,2019-12-08,en
hyV1ACMNgiwq3hRcefIrqPTo5VHJjJDlG3wNtQ3H9F8=,hyV1ACMNgiwq3hRcefIrqPTo5VHJjJDlG3wNtQ3H9F8=,hyV1ACMNgiwq3hRcefIrqPTo5VHJjJDlG3wNtQ3H9F8=,,‡∏á‡πà‡∏ß‡∏á,,0,1,2020-01-14,en
AeIcq7MGVaxXbfyAuIzIlkQb3yK52o6XlwXGJSnA=,AeIcq7MGVaxXbfyAuIzIlkQb3yK52o6XlwXGJSnA=,AeIcq7MGVaxXbfyAuIzIlkQb3yK52o6XlwXGJSnA=,,‡πÉ‡∏à‡∏ñ‡∏∂‡∏á ‡∏û‡∏∂‡πà‡∏á‡πÑ‡∏î‡πâ,,0,22,2019-11-05,en
iwJpk0SMbnw7WmWVi371BL3432bFFk898LTbWPSTIhY=,iwJpk0SMbnw7WmWVi371BL3432bFFk898LTbWPSTIhY=,iwJpk0SMbnw7WmWVi371BL3432bFFk898LTbWPSTIhY=,,,,2,10,2020-01-09,th
668LPSmWGX7Od7CM9yJja1aoSaCGkJWfnvEnemQAco=,668LPSmWGX7Od7CM9yJja1aoSaCGkJWfnvEnemQAco=,668LPSmWGX7Od7CM9yJja1aoSaCGkJWfnvEnemQAco=,,,,0,1,2019-12-08,en
nUmUkrkc4Ch0O9JXwW1s4WhzH62wja30VC91vT3Va5A=,nUmUkrkc4Ch0O9JXwW1s4WhzH62wja30VC91vT3Va5A=,nUmUkrkc4Ch0O9JXwW1s4WhzH62wja30VC91vT3Va5A=,,‡πÑ‡∏î‡πâ‡∏´‡∏°‡∏î‡∏ñ‡πâ‡∏≤‡∏™‡∏î‡∏ä‡∏∑‡πà‡∏ô,,1,46,2020-03-26,en
NvZg+T7qtOiC3384o4IBrX+nIlhsVKYLnu9tdoRRF48=,NvZg+T7qtOiC3384o4IBrX+nIlhsVKYLnu9tdoRRF48=,NvZg+T7qtOiC3384o4IBrX+nIlhsVKYLnu9tdoRRF48=,‡∏õ‡∏£‡∏∞‡πÄ‡∏ó‡∏®‡πÑ‡∏ó‡∏¢,,,1,16,2019-12-09,en
ilHNg4FgzMJx+4ccPRL7lyMh5hgdHqWQjbyEpKPjA=,ilHNg4FgzMJx+4ccPRL7lyMh5hgdHqWQjbyEpKPjA=,ilHNg4FgzMJx+4ccPRL7lyMh5hgdHqWQjbyEpKPjA=,,,,0,0,2019-12-09,en
Y3piW6SjbwCoxuV4LOsAmmy1lVLTVPuqMvseUAPprrc=,Y3piW6SjbwCoxuV4LOsAmmy1lVLTVPuqMvseUAPprrc=,Y3piW6SjbwCoxuV4LOsAmmy1lVLTVPuqMvseUAPprrc=,,,,0,29,2019-12-03,th
LinMoXWE9gVuelxF0ZfjnHc1jPXdr6vuftSuyRuUlI=,LinMoXWE9gVuelxF0ZfjnHc1jPXdr6vuftSuyRuUlI=,LinMoXWE9gVuelxF0ZfjnHc1jPXdr6vuftSuyRuUlI=,,,,0,3,2019-12-06,en
sHYJYcPgrxmmY5DvvVnv9K6qHCbaA3pCUskTbHdYSxg=,sHYJYcPgrxmmY5DvvVnv9K6qHCbaA3pCUskTbHdYSxg=,sHYJYcPgrxmmY5DvvVnv9K6qHCbaA3pCUskTbHdYSxg=,,‡πÄ‡∏•‡πà‡∏ô‡∏î‡∏ô‡∏ï‡∏£‡∏µ,,1,2,2019-12-06,en
4RSSoT2LlCLtTuTEeGVV2blDfRBCJsmVwg23v302rk=,4RSSoT2LlCLtTuTEeGVV2blDfRBCJsmVwg23v302rk=,4RSSoT2LlCLtTuTEeGVV2blDfRBCJsmVwg23v302rk=,,,,24,33,2020-01-21,en
rw76Qn6oUVe416mraMMnv5X5W2H0Mwr9uElSw6Yvgw0=,rw76Qn6oUVe416mraMMnv5X5W2H0Mwr9uElSw6Yvgw0=,rw76Qn6oUVe416mraMMnv5X5W2H0Mwr9uElSw6Yvgw0=,,,,4,7,2019-04-30,th
MIdtGmXmeSJSwTZkEYhuxwqHlsFfndp42EX+PUjLM18=,MIdtGmXmeSJSwTZkEYhuxwqHlsFfndp42EX+PUjLM18=,MIdtGmXmeSJSwTZkEYhuxwqHlsFfndp42EX+PUjLM18=,,-,,0,3,2020-02-20,en
Ovibhrrq2YRUZzg26tql8pZRvyImA0JZnra2om9fSy4=,Ovibhrrq2YRUZzg26tql8pZRvyImA0JZnra2om9fSy4=,Ovibhrrq2YRUZzg26tql8pZRvyImA0JZnra2om9fSy4=,,,,0,9,2019-12-07,en
Mx11V3wHus8eCCMfu3TTWc0K7oCIw4kaq7mP5RzDm8=,Mx11V3wHus8eCCMfu3TTWc0K7oCIw4kaq7mP5RzDm8=,Mx11V3wHus8eCCMfu3TTWc0K7oCIw4kaq7mP5RzDm8=,,,,2,61,2020-01-15,th
MNAC5MotezUKFooQPgVNil+qmQHFgQhsF3ji2drp0=,MNAC5MotezUKFooQPgVNil+qmQHFgQhsF3ji2drp0=,MNAC5MotezUKFooQPgVNil+qmQHFgQhsF3ji2drp0=,,‡∏Ñ‡∏ß‡∏≤‡∏°‡∏á‡∏≤‡∏° ‡πÑ‡∏°‡πà‡πÄ‡∏Ñ‡∏¢‡∏Ü‡πà‡∏≤‡πÉ‡∏Ñ‡∏£,,0,0,2019-12-07,en
tfVUDJJJzkHb4zzUyjci18LCGhApZLItCKPeD4lYdA=,tfVUDJJJzkHb4zzUyjci18LCGhApZLItCKPeD4lYdA=,tfVUDJJJzkHb4zzUyjci18LCGhApZLItCKPeD4lYdA=,,,,0,10,2019-11-05,th
6JL2aLj080a5OenyNBPqBrB+TGKTgNmQTkQcVYu5VOM=,6JL2aLj080a5OenyNBPqBrB+TGKTgNmQTkQcVYu5VOM=,6JL2aLj080a5OenyNBPqBrB+TGKTgNmQTkQcVYu5VOM=,,‡πÄ‡∏£‡∏∑‡πà‡∏≠‡∏¢‡πÜ‡πÄ‡∏´‡∏°‡∏∑‡∏≠‡∏ô‡∏£‡∏ñ‡∏Ç‡∏≤‡∏¢‡πÇ‡∏≠‡πà‡∏á,,8,76,2020-01-10,en
4F3lzehFOei0kxh32kY9T8nsuIHMy5O71mLkzeVFoc=,4F3lzehFOei0kxh32kY9T8nsuIHMy5O71mLkzeVFoc=,4F3lzehFOei0kxh32kY9T8nsuIHMy5O71mLkzeVFoc=,"‡∏´‡πâ‡∏ß‡∏¢‡∏Ç‡∏ß‡∏≤‡∏á, ‡∏Å‡∏£‡∏∏‡∏á‡πÄ‡∏ó‡∏û‡∏°‡∏´‡∏≤‡∏ô‡∏Ñ‡∏£",‡∏ñ‡πâ‡∏≤‡πÄ‡∏ò‡∏≠‡∏û‡∏£‡πâ‡∏≠‡∏° ‡∏â‡∏±‡∏ô‡∏Å‡πá‡∏û‡∏£‡πâ‡∏≠‡∏°,,16,58,2019-12-06,th
eiUr2fZ9UpEk1n8CxRBAz6Bw64TGef7x6ym7OQ3G8=,eiUr2fZ9UpEk1n8CxRBAz6Bw64TGef7x6ym7OQ3G8=,eiUr2fZ9UpEk1n8CxRBAz6Bw64TGef7x6ym7OQ3G8=,,,,0,4,2019-12-07,en
pdEinROr22D8TI1rKzmSmUK69LBxHJ57Vp65qDwQ5g=,pdEinROr22D8TI1rKzmSmUK69LBxHJ57Vp65qDwQ5g=,pdEinROr22D8TI1rKzmSmUK69LBxHJ57Vp65qDwQ5g=,,‡∏ä‡∏µ‡∏ß‡∏¥‡∏ï‡∏ô‡∏µ‡πâ‡∏ó‡∏≥‡πÄ‡∏û‡∏∑‡πà‡∏≠‡∏ä‡∏≤‡∏ï‡∏¥,,2,8,2020-01-14,en
SCMiQGYelLtHlC2T4drW1c1g+J6x+iKahoDHydCmvJQ=,SCMiQGYelLtHlC2T4drW1c1g+J6x+iKahoDHydCmvJQ=,SCMiQGYelLtHlC2T4drW1c1g+J6x+iKahoDHydCmvJQ=,,‡∏™‡∏≠‡∏≠.,,0,39,2020-02-03,en
409gBMVSzWEhljBu8RY43oURtFe9GzwcNaeOytIDPc=,409gBMVSzWEhljBu8RY43oURtFe9GzwcNaeOytIDPc=,409gBMVSzWEhljBu8RY43oURtFe9GzwcNaeOytIDPc=,,,,0,35,2020-01-14,en
9tSJgwR5FjQCmB2ke2ie1WJOp6HAqmFdKQ4IkVM1I=,9tSJgwR5FjQCmB2ke2ie1WJOp6HAqmFdKQ4IkVM1I=,9tSJgwR5FjQCmB2ke2ie1WJOp6HAqmFdKQ4IkVM1I=,,,,1,6,2020-01-10,th
Cjp7a4kTQfuJFXMQ2KXuYr4169Hly25pr3cOM3HhU=,Cjp7a4kTQfuJFXMQ2KXuYr4169Hly25pr3cOM3HhU=,Cjp7a4kTQfuJFXMQ2KXuYr4169Hly25pr3cOM3HhU=,,,,2,24,2020-01-14,th
GT4PfYuFdZNOLYnN1rtyQLcfZjB7xpekwMZyEhDf7A=,GT4PfYuFdZNOLYnN1rtyQLcfZjB7xpekwMZyEhDf7A=,GT4PfYuFdZNOLYnN1rtyQLcfZjB7xpekwMZyEhDf7A=,,‡∏ï‡∏•‡∏Å‡πÜ,,0,1,2020-01-15,en
6RZQ9bRZouP2huLiOsXxxBJgqR7kae7zKe9hTx4y0KY=,6RZQ9bRZouP2huLiOsXxxBJgqR7kae7zKe9hTx4y0KY=,6RZQ9bRZouP2huLiOsXxxBJgqR7kae7zKe9hTx4y0KY=,,,,2,16,2020-01-14,th
E83McZ+I770u6oTEdlQ0Y2Nmaf69bGl9g4CyQcvHofs=,E83McZ+I770u6oTEdlQ0Y2Nmaf69bGl9g4CyQcvHofs=,E83McZ+I770u6oTEdlQ0Y2Nmaf69bGl9g4CyQcvHofs=,,,,1,60,2019-11-04,th
HHuIFdMtpW6txzBj1gUzluKCyw16ScVOWVzChrClNmQ=,HHuIFdMtpW6txzBj1gUzluKCyw16ScVOWVzChrClNmQ=,HHuIFdMtpW6txzBj1gUzluKCyw16ScVOWVzChrClNmQ=,,,,0,1,2019-12-07,en
ODV0micBhYkSaAbGFM4ddG4nd568qIXu2ihyx6ZwHA=,ODV0micBhYkSaAbGFM4ddG4nd568qIXu2ihyx6ZwHA=,ODV0micBhYkSaAbGFM4ddG4nd568qIXu2ihyx6ZwHA=,,,,0,2,2020-01-13,th
6ENbhsd2AhxafBPn0WJSkDxk3Mr19Ua9dAlyHrOQmU4=,6ENbhsd2AhxafBPn0WJSkDxk3Mr19Ua9dAlyHrOQmU4=,6ENbhsd2AhxafBPn0WJSkDxk3Mr19Ua9dAlyHrOQmU4=,,,,4,9,2019-11-05,en
a4JpNm6uUPkuSkZqlNmrceFDACs3kkP+0c58sYvlAgw=,a4JpNm6uUPkuSkZqlNmrceFDACs3kkP+0c58sYvlAgw=,a4JpNm6uUPkuSkZqlNmrceFDACs3kkP+0c58sYvlAgw=,,,,1,17,2019-12-08,en
sefGOMiVSUH3cb4lwI5fp3UoZZb5RgciIBLBA3ZUHhc=,sefGOMiVSUH3cb4lwI5fp3UoZZb5RgciIBLBA3ZUHhc=,sefGOMiVSUH3cb4lwI5fp3UoZZb5RgciIBLBA3ZUHhc=,,,,0,2,2020-01-15,th
wCCYrGl3MDG26SbwWTpSUzv0E8w1s1yXfL4rfHcEGh8=,wCCYrGl3MDG26SbwWTpSUzv0E8w1s1yXfL4rfHcEGh8=,wCCYrGl3MDG26SbwWTpSUzv0E8w1s1yXfL4rfHcEGh8=,,,,0,6,2020-01-28,th
l3V2vQJbrw86YpvScvYI3MZoI4UcTeP3miwUMwGpoYM=,l3V2vQJbrw86YpvScvYI3MZoI4UcTeP3miwUMwGpoYM=,l3V2vQJbrw86YpvScvYI3MZoI4UcTeP3miwUMwGpoYM=,,ZZzz...,,0,10,2020-02-04,th
P13jyGNh+KxMIyQ6lyDimvAxNf2MDCXn0G3rbnlqrVY=,P13jyGNh+KxMIyQ6lyDimvAxNf2MDCXn0G3rbnlqrVY=,P13jyGNh+KxMIyQ6lyDimvAxNf2MDCXn0G3rbnlqrVY=,,,,0,17,2019-12-08,en
qpGyNvoM4ebVgBgvCFtCe5a31JuVSIrMqva3phQYLvo=,qpGyNvoM4ebVgBgvCFtCe5a31JuVSIrMqva3phQYLvo=,qpGyNvoM4ebVgBgvCFtCe5a31JuVSIrMqva3phQYLvo=,,,,0,0,2020-01-17,th
CRYCfZ1l+eB6QX8P+D0SvTrgU8wXGXSZ2v49N3jt5Q=,CRYCfZ1l+eB6QX8P+D0SvTrgU8wXGXSZ2v49N3jt5Q=,CRYCfZ1l+eB6QX8P+D0SvTrgU8wXGXSZ2v49N3jt5Q=,,,,0,3,2020-01-13,th
gNe2g+vtX60O0a663Gnz+iS60IbYk8X93q2w8kWHPw=,gNe2g+vtX60O0a663Gnz+iS60IbYk8X93q2w8kWHPw=,gNe2g+vtX60O0a663Gnz+iS60IbYk8X93q2w8kWHPw=,,‡∏¢‡∏±‡∏á‡πÑ‡∏°‡πà‡πÑ‡∏î‡πâ‡∏Å‡∏¥‡∏ô‡∏Ç‡πâ‡∏≤‡∏ß‡πÄ‡∏•‡∏¢,,2,37,2019-11-04,th
VynyEZe8NO7GKCgjGt881nmgvdYe748vy8kzGwfNvUo=,VynyEZe8NO7GKCgjGt881nmgvdYe748vy8kzGwfNvUo=,VynyEZe8NO7GKCgjGt881nmgvdYe748vy8kzGwfNvUo=,,,,1,7,2020-02-21,en
NL8906lS4AYU+HmgHw4FSrwEL9TuIJTUkjYho7BA=,NL8906lS4AYU+HmgHw4FSrwEL9TuIJTUkjYho7BA=,NL8906lS4AYU+HmgHw4FSrwEL9TuIJTUkjYho7BA=,,‡∏≠‡∏¥‡∏≠‡∏¥,,1,9,2020-01-13,en
flZfpuZIq2atGUr6P7+WMUJEqIWXcimXgguqBEorEgk=,flZfpuZIq2atGUr6P7+WMUJEqIWXcimXgguqBEorEgk=,flZfpuZIq2atGUr6P7+WMUJEqIWXcimXgguqBEorEgk=,,‡πÄ‡∏û‡∏≤‡∏∞‡∏Å‡∏≤‡∏¢,,0,4,2019-12-06,en
02W3UEAbHrq6NaCkv1hRIT2Gi+CuIrFN9XBO6vecCo=,02W3UEAbHrq6NaCkv1hRIT2Gi+CuIrFN9XBO6vecCo=,02W3UEAbHrq6NaCkv1hRIT2Gi+CuIrFN9XBO6vecCo=,,,,0,18,2020-02-12,en
9WOd8mfF6zKHKOPPFc7wag2gwWuOkYQHk2lDb+yehjU=,9WOd8mfF6zKHKOPPFc7wag2gwWuOkYQHk2lDb+yehjU=,9WOd8mfF6zKHKOPPFc7wag2gwWuOkYQHk2lDb+yehjU=,,,,0,1,2019-12-08,en
ouNe2cjXQOsW4kMsAoi7aCXg+dQQD0JIR2fIA2NmUJQ=,ouNe2cjXQOsW4kMsAoi7aCXg+dQQD0JIR2fIA2NmUJQ=,ouNe2cjXQOsW4kMsAoi7aCXg+dQQD0JIR2fIA2NmUJQ=,,‡∏Ñ‡∏∏‡∏Ñ‡∏∏,,0,14,2020-01-13,en
JIzwdTF8VCf4AgfiwHZI5aD8QOEWt2bGFY4gV9FIBI=,JIzwdTF8VCf4AgfiwHZI5aD8QOEWt2bGFY4gV9FIBI=,JIzwdTF8VCf4AgfiwHZI5aD8QOEWt2bGFY4gV9FIBI=,,. . . ‡πÅ‡∏ü‡∏ô‡πÑ‡∏°‡πà‡∏°‡∏µ ‡∏¢‡∏¥‡∏ô‡∏î‡∏µ‡∏ï‡πâ‡∏≠‡∏ô‡∏£‡∏±‡∏ö . . .,,1,19,2019-12-03,th
cLuCmf91rmM860tPrZwNpCdzwxhxbFLCzu82bCRT4=,cLuCmf91rmM860tPrZwNpCdzwxhxbFLCzu82bCRT4=,cLuCmf91rmM860tPrZwNpCdzwxhxbFLCzu82bCRT4=,,food,,0,2,2020-01-08,th
0GHkMc7zI1UbE0kAscwbcfAAYn9Ve6DzG5WAHfclkjo=,0GHkMc7zI1UbE0kAscwbcfAAYn9Ve6DzG5WAHfclkjo=,0GHkMc7zI1UbE0kAscwbcfAAYn9Ve6DzG5WAHfclkjo=,,I'm cry,,6,14,2020-01-09,en
rxD9Wf0rQVFle8gh7rDIEkiHA3TVmQBSSWXvrwjtgA=,rxD9Wf0rQVFle8gh7rDIEkiHA3TVmQBSSWXvrwjtgA=,rxD9Wf0rQVFle8gh7rDIEkiHA3TVmQBSSWXvrwjtgA=,,‡∏á‡∏≤‡∏ô‡∏Ñ‡∏∑‡∏≠‡πÄ‡∏á‡∏¥‡∏ô,,0,10,2020-01-08,en
hb9uxs5nm8CkN8WWhRocGFvHO6rEjqJGK6rwo7UEMk=,hb9uxs5nm8CkN8WWhRocGFvHO6rEjqJGK6rwo7UEMk=,hb9uxs5nm8CkN8WWhRocGFvHO6rEjqJGK6rwo7UEMk=,,‡∏™‡∏ß‡∏¢‡∏ï‡∏•‡∏≠‡∏î‡∏Å‡∏≤‡∏£‡∏Ñ‡πà‡∏∞,,3,6,2019-12-06,en
4uTeRc9ka0FlqW4AsyKPgSDLCihwLeDqBoNPFeHoqzw=,4uTeRc9ka0FlqW4AsyKPgSDLCihwLeDqBoNPFeHoqzw=,4uTeRc9ka0FlqW4AsyKPgSDLCihwLeDqBoNPFeHoqzw=,,‡∏™‡∏ß‡∏¢‡πÄ‡∏£‡∏¥‡∏î,,0,6,2020-01-13,en
KtrgZkeperxqBJ5QlQkyFjCSkKGiWUw2Lwflr0nNL9M=,KtrgZkeperxqBJ5QlQkyFjCSkKGiWUw2Lwflr0nNL9M=,KtrgZkeperxqBJ5QlQkyFjCSkKGiWUw2Lwflr0nNL9M=,,,,6,157,2019-12-08,th
qqgooAUqGfHHVLW1OEUTzuN2Yi9cCxXpEAtaDgZ0Tk=,qqgooAUqGfHHVLW1OEUTzuN2Yi9cCxXpEAtaDgZ0Tk=,qqgooAUqGfHHVLW1OEUTzuN2Yi9cCxXpEAtaDgZ0Tk=,,‡∏ú‡∏°‡∏ä‡∏≠‡∏ö‡∏Ñ‡∏∏‡∏ì,,5,48,2020-01-09,th
M4P6uXj9HpznOJ+GcKPlDm0zof2D9nMxgWUtbeXTqU=,M4P6uXj9HpznOJ+GcKPlDm0zof2D9nMxgWUtbeXTqU=,M4P6uXj9HpznOJ+GcKPlDm0zof2D9nMxgWUtbeXTqU=,,,,3,3,2020-01-07,en
3TWe5t3x+KzugvM0t1RQxh87njDVpOkT4nNH9iQglzY=,3TWe5t3x+KzugvM0t1RQxh87njDVpOkT4nNH9iQglzY=,3TWe5t3x+KzugvM0t1RQxh87njDVpOkT4nNH9iQglzY=,,,,1,28,2020-01-02,en
zgrg5oD0RTJVeimiM3gZ0Xv1n73SCvcagKQawa2M=,zgrg5oD0RTJVeimiM3gZ0Xv1n73SCvcagKQawa2M=,zgrg5oD0RTJVeimiM3gZ0Xv1n73SCvcagKQawa2M=,,-,,0,3,2020-02-20,en
PTGNZitXvOMmpb4BJTfZBURd0NDj4XwqDNXGJGas63E=,PTGNZitXvOMmpb4BJTfZBURd0NDj4XwqDNXGJGas63E=,PTGNZitXvOMmpb4BJTfZBURd0NDj4XwqDNXGJGas63E=,,,,0,9,2019-12-06,th
vQ61goQsz+VB77X2YcmpvRGb4vXV7QhtZTevFXOuco=,vQ61goQsz+VB77X2YcmpvRGb4vXV7QhtZTevFXOuco=,vQ61goQsz+VB77X2YcmpvRGb4vXV7QhtZTevFXOuco=,,,,4,58,2020-01-14,en
sSDItHLJiHssGGRggn4mu2RdXFhazffMTet9VWNXjDg=,sSDItHLJiHssGGRggn4mu2RdXFhazffMTet9VWNXjDg=,sSDItHLJiHssGGRggn4mu2RdXFhazffMTet9VWNXjDg=,,,,0,2,2020-01-13,th
leXau+L1L0QXMHpegchQCfZYKYh1Y3LGkA0JybNqtMs=,leXau+L1L0QXMHpegchQCfZYKYh1Y3LGkA0JybNqtMs=,leXau+L1L0QXMHpegchQCfZYKYh1Y3LGkA0JybNqtMs=,,,,0,16,2019-12-08,th
qMc77iFZ5Myx5LaNdlyyTypIudLiiNvdMoAiONQQNGI=,qMc77iFZ5Myx5LaNdlyyTypIudLiiNvdMoAiONQQNGI=,qMc77iFZ5Myx5LaNdlyyTypIudLiiNvdMoAiONQQNGI=,,,,0,9,2020-01-14,en
1Iae0qSxp9Ev86VAcODwKmH7mKiSiZ8cddzyGyOVrw=,1Iae0qSxp9Ev86VAcODwKmH7mKiSiZ8cddzyGyOVrw=,1Iae0qSxp9Ev86VAcODwKmH7mKiSiZ8cddzyGyOVrw=,,,,3,33,2019-12-03,th
XtxqSeDStG6UggT+wPacWJUhzLpdxLBNCYU6Qtoln8=,XtxqSeDStG6UggT+wPacWJUhzLpdxLBNCYU6Qtoln8=,XtxqSeDStG6UggT+wPacWJUhzLpdxLBNCYU6Qtoln8=,,,,2,14,2019-12-08,en
l16fBHJ7VwqJyuquasUIB25p9wRwSPvnJw87Nf1wRtg=,l16fBHJ7VwqJyuquasUIB25p9wRwSPvnJw87Nf1wRtg=,l16fBHJ7VwqJyuquasUIB25p9wRwSPvnJw87Nf1wRtg=,,,,5,28,2020-01-08,th
i5een25nB1x29qNnvv5pRMv5r0xK2Jp9A9UrFtNBtFo=,i5een25nB1x29qNnvv5pRMv5r0xK2Jp9A9UrFtNBtFo=,i5een25nB1x29qNnvv5pRMv5r0xK2Jp9A9UrFtNBtFo=,,,,1,4,2020-01-09,en
s+1STJBvcj2SRftRY7dE7fX6KayKcciqdP8YbJBZIYA=,s+1STJBvcj2SRftRY7dE7fX6KayKcciqdP8YbJBZIYA=,s+1STJBvcj2SRftRY7dE7fX6KayKcciqdP8YbJBZIYA=,,-,,0,4,2020-02-20,en
iIuVqxb51vtj4YeG9XYWDEim017tXjwTzL8qSxO+SLE=,iIuVqxb51vtj4YeG9XYWDEim017tXjwTzL8qSxO+SLE=,iIuVqxb51vtj4YeG9XYWDEim017tXjwTzL8qSxO+SLE=,,,,0,19,2019-12-08,en
HWPWEX0ADkj9zzElpLoVno0zreeoF9smFzOldMeKfQ0=,HWPWEX0ADkj9zzElpLoVno0zreeoF9smFzOldMeKfQ0=,HWPWEX0ADkj9zzElpLoVno0zreeoF9smFzOldMeKfQ0=,,Super Social,,0,2,2020-01-09,en
C1Fui7cqg23zcJLf+mXattnqoLOG5pD97gCIeymal88=,C1Fui7cqg23zcJLf+mXattnqoLOG5pD97gCIeymal88=,C1Fui7cqg23zcJLf+mXattnqoLOG5pD97gCIeymal88=,,‡πÄ‡∏Å‡∏©‡∏ï‡∏£‡∏Å‡∏£ ‡∏£‡∏±‡∏ö‡∏à‡πâ‡∏≤‡∏á‡∏ó‡∏±‡πà‡∏ß‡πÑ‡∏õ,,0,14,2019-11-05,en
g0nRWfm2hXg4rZaGNZy1VnlINammLivutiQwCcbBhcw=,g0nRWfm2hXg4rZaGNZy1VnlINammLivutiQwCcbBhcw=,g0nRWfm2hXg4rZaGNZy1VnlINammLivutiQwCcbBhcw=,,,,1,7,2019-12-24,th
VUlszAZQfwYFyvkienHNS3n+jNtuHD4k5cn9zqzgSfM=,VUlszAZQfwYFyvkienHNS3n+jNtuHD4k5cn9zqzgSfM=,VUlszAZQfwYFyvkienHNS3n+jNtuHD4k5cn9zqzgSfM=,,joke sure sure,,0,9,2020-01-14,en
tiDqvCVvjVwzD1TGJnRs15wiR7mUMmXk7pnOXoc27jo=,tiDqvCVvjVwzD1TGJnRs15wiR7mUMmXk7pnOXoc27jo=,tiDqvCVvjVwzD1TGJnRs15wiR7mUMmXk7pnOXoc27jo=,,,,1,17,2020-01-13,en
HuIy91oP2WKHq26e0++kxWZxaDt0MqadZy2TTqgETuA=,HuIy91oP2WKHq26e0++kxWZxaDt0MqadZy2TTqgETuA=,HuIy91oP2WKHq26e0++kxWZxaDt0MqadZy2TTqgETuA=,,,,0,3,2020-01-13,en
DGU8qPS8sMgwu056R+WieZ9NDy61XJQu2TZ9+izXEso=,DGU8qPS8sMgwu056R+WieZ9NDy61XJQu2TZ9+izXEso=,DGU8qPS8sMgwu056R+WieZ9NDy61XJQu2TZ9+izXEso=,,‡∏£‡∏±‡∏Å‡∏ä‡∏≤‡∏ï‡∏¥‡∏î‡∏±‡πà‡∏á‡∏ä‡∏µ‡∏ß‡∏¥‡∏ï ‡πÑ‡∏°‡πà‡∏Ñ‡∏¥‡∏î‡πÄ‡∏ô‡∏£‡∏Ñ‡∏∏‡∏ì‡πÅ‡∏ú‡πà‡∏ô‡∏î‡∏¥‡∏ô‡πÄ‡∏Å‡∏¥‡∏î,,12,140,2019-11-04,th
XNSn02LQVWsyFo2o6dv5m4SfpvCC9i8gs2yyN5N7L4=,XNSn02LQVWsyFo2o6dv5m4SfpvCC9i8gs2yyN5N7L4=,XNSn02LQVWsyFo2o6dv5m4SfpvCC9i8gs2yyN5N7L4=,,,,1,18,2019-12-18,th
V9NbvQJFfJ2T9J9ex9ZLVUaXzqLCVgEffSTzSEpl5Y=,V9NbvQJFfJ2T9J9ex9ZLVUaXzqLCVgEffSTzSEpl5Y=,V9NbvQJFfJ2T9J9ex9ZLVUaXzqLCVgEffSTzSEpl5Y=,,,,1,26,2020-01-09,th
h1Ka4Wy3ASgvWFSkxbXGQhHUjGMDApsQ6JrSOoVtvy0=,h1Ka4Wy3ASgvWFSkxbXGQhHUjGMDApsQ6JrSOoVtvy0=,h1Ka4Wy3ASgvWFSkxbXGQhHUjGMDApsQ6JrSOoVtvy0=,,,,8,106,2019-12-07,en
1yjCroHPWjHTuxb77RfftC8IKJEoJqYiuNZpfDIOkOI=,1yjCroHPWjHTuxb77RfftC8IKJEoJqYiuNZpfDIOkOI=,1yjCroHPWjHTuxb77RfftC8IKJEoJqYiuNZpfDIOkOI=,,,,0,22,2019-07-11,en
u0L0+gDGX7zfL5mUWWyXH2NGsMJUklSCbN5XYIQzDIs=,u0L0+gDGX7zfL5mUWWyXH2NGsMJUklSCbN5XYIQzDIs=,u0L0+gDGX7zfL5mUWWyXH2NGsMJUklSCbN5XYIQzDIs=,‡∏õ‡∏£‡∏∞‡πÄ‡∏ó‡∏®‡πÑ‡∏ó‡∏¢,‡∏ä‡∏≠‡∏ö‡πÄ‡∏ó‡∏µ‡πà‡∏¢‡∏ß,,1,0,2019-12-06,en
jyaaYzzz8iiYyoPpJfYd7Aelw39bku+coHfoPph+Fnk=,jyaaYzzz8iiYyoPpJfYd7Aelw39bku+coHfoPph+Fnk=,jyaaYzzz8iiYyoPpJfYd7Aelw39bku+coHfoPph+Fnk=,,,,2,62,2016-09-26,th
HDIKGHyHhJ4aDI4EJRtmJ+0hkZrQ0chbWS6JOxQuu8=,HDIKGHyHhJ4aDI4EJRtmJ+0hkZrQ0chbWS6JOxQuu8=,HDIKGHyHhJ4aDI4EJRtmJ+0hkZrQ0chbWS6JOxQuu8=,,,,0,1,2019-12-15,th
Uz33Y1eCcyVfWnW6EnzNlKAAefgdndVvwvE3SICNxk=,Uz33Y1eCcyVfWnW6EnzNlKAAefgdndVvwvE3SICNxk=,Uz33Y1eCcyVfWnW6EnzNlKAAefgdndVvwvE3SICNxk=,,,,0,7,2020-01-13,en
C0+feUIGkaiwR5jOzgBA4nS7LnjElGmbBSTVOBW3h4=,C0+feUIGkaiwR5jOzgBA4nS7LnjElGmbBSTVOBW3h4=,C0+feUIGkaiwR5jOzgBA4nS7LnjElGmbBSTVOBW3h4=,,,,0,2,2019-11-22,th
71fqNbaUiwCbBUFuJ6EfAKuw5FsDjoeacCywB+WAXc=,71fqNbaUiwCbBUFuJ6EfAKuw5FsDjoeacCywB+WAXc=,71fqNbaUiwCbBUFuJ6EfAKuw5FsDjoeacCywB+WAXc=,,,,66,79,2019-12-09,en
GUhO6JGKXqFhTgVWbUBuuXwcdxUxCt+pBRwlDnP70=,GUhO6JGKXqFhTgVWbUBuuXwcdxUxCt+pBRwlDnP70=,GUhO6JGKXqFhTgVWbUBuuXwcdxUxCt+pBRwlDnP70=,,,,49,71,2019-12-09,th
NbzuvcE4mq3PE6r12tZwSKf02kCTSmZDywG4ywStc08=,NbzuvcE4mq3PE6r12tZwSKf02kCTSmZDywG4ywStc08=,NbzuvcE4mq3PE6r12tZwSKf02kCTSmZDywG4ywStc08=,,im car,,9,82,2020-01-13,en
sZ3ZOZR9ibphPtzSR74Hv3zyOQk0KQk56c+tUpHRU=,sZ3ZOZR9ibphPtzSR74Hv3zyOQk0KQk56c+tUpHRU=,sZ3ZOZR9ibphPtzSR74Hv3zyOQk0KQk56c+tUpHRU=,,,,0,0,2020-01-15,th
7iZD8xUQSYI76BJ7+rStIT9TLKpvbQNHMOvDfyQn7Zw=,7iZD8xUQSYI76BJ7+rStIT9TLKpvbQNHMOvDfyQn7Zw=,7iZD8xUQSYI76BJ7+rStIT9TLKpvbQNHMOvDfyQn7Zw=,"‡∏Å‡∏£‡∏∏‡∏á‡πÄ‡∏ó‡∏û‡∏°‡∏´‡∏≤‡∏ô‡∏Ñ‡∏£, ‡∏õ‡∏£‡∏∞‡πÄ‡∏ó‡∏®‡πÑ‡∏ó‡∏¢",,,2,11,2020-01-09,th
d+dhIyfJM5rTG4TPt12iHAzGf4DiSwThLNG4KPOsa28=,d+dhIyfJM5rTG4TPt12iHAzGf4DiSwThLNG4KPOsa28=,d+dhIyfJM5rTG4TPt12iHAzGf4DiSwThLNG4KPOsa28=,,,,5,36,2019-12-08,th
3KfIcFuJHpGM5Qlffv5yvxL+SLIi5JaSJ6qN1unus=,3KfIcFuJHpGM5Qlffv5yvxL+SLIi5JaSJ6qN1unus=,3KfIcFuJHpGM5Qlffv5yvxL+SLIi5JaSJ6qN1unus=,,,,0,10,2020-01-13,th
L8NuExbG8WNi6xIZWR8ABUDKzh2B7g+XjAQVrU0u9E=,L8NuExbG8WNi6xIZWR8ABUDKzh2B7g+XjAQVrU0u9E=,L8NuExbG8WNi6xIZWR8ABUDKzh2B7g+XjAQVrU0u9E=,,yes,,0,6,2019-12-07,en
zHEgw0faeFqRuhUjGdSIruJT231kig7wEnP0fnp503E=,zHEgw0faeFqRuhUjGdSIruJT231kig7wEnP0fnp503E=,zHEgw0faeFqRuhUjGdSIruJT231kig7wEnP0fnp503E=,,‡πÄ‡∏õ‡πá‡∏ô‡∏Ñ‡∏ô‡πÉ‡∏™‡πÜ,,1,29,2020-01-02,th
Z+i31NAxg4BjfxA8x3nASMJHW7+gRAPdqOF7UpCggg=,Z+i31NAxg4BjfxA8x3nASMJHW7+gRAPdqOF7UpCggg=,Z+i31NAxg4BjfxA8x3nASMJHW7+gRAPdqOF7UpCggg=,,‡∏™‡∏≤‡∏ß‡∏Å‡πÇ‡∏•‡∏•‡∏¥‡∏ñ‡∏∑‡∏≠‡∏Å‡∏≥‡πÄ‡∏ô‡∏¥‡∏î,,5,7,2020-01-09,en
Fs17ZvBsiM1ehXrIHvLRZmSblYSsRNTF7JGtPQ9WaT0=,Fs17ZvBsiM1ehXrIHvLRZmSblYSsRNTF7JGtPQ9WaT0=,Fs17ZvBsiM1ehXrIHvLRZmSblYSsRNTF7JGtPQ9WaT0=,,,,0,25,2020-01-14,en
ZCUThGKPXkVVobxF2piQrBSrYcSVzmYPYidnoIghSPc=,ZCUThGKPXkVVobxF2piQrBSrYcSVzmYPYidnoIghSPc=,ZCUThGKPXkVVobxF2piQrBSrYcSVzmYPYidnoIghSPc=,,,,0,5,2020-01-28,th
ZKRFvAWaJxybWqGK3hqCdi0ojuwDUAsm0nxhCDExK0=,ZKRFvAWaJxybWqGK3hqCdi0ojuwDUAsm0nxhCDExK0=,ZKRFvAWaJxybWqGK3hqCdi0ojuwDUAsm0nxhCDExK0=,,-,,0,4,2020-02-20,en
1vJgbFITfXX7XeckG214X8ILlac2SpFP6E1BTF1KwVI=,1vJgbFITfXX7XeckG214X8ILlac2SpFP6E1BTF1KwVI=,1vJgbFITfXX7XeckG214X8ILlac2SpFP6E1BTF1KwVI=,,,,1,2,2019-10-07,en
jxeYeipBGUlMh3TUzL98eb0MsEXcXI4H5pXfouobFIA=,jxeYeipBGUlMh3TUzL98eb0MsEXcXI4H5pXfouobFIA=,jxeYeipBGUlMh3TUzL98eb0MsEXcXI4H5pXfouobFIA=,,,,0,76,2020-01-21,en
mq0zFCpgn87Pu5g8WDzEpQhDNynHi0nSMj+GLMN6xM=,mq0zFCpgn87Pu5g8WDzEpQhDNynHi0nSMj+GLMN6xM=,mq0zFCpgn87Pu5g8WDzEpQhDNynHi0nSMj+GLMN6xM=,nakhonrajsima,rs 108,,0,7,2019-12-07,en
ex3my1ga43MMARnwwDNwovU+MSZ+8QIG0jgt30jx1rA=,ex3my1ga43MMARnwwDNwovU+MSZ+8QIG0jgt30jx1rA=,ex3my1ga43MMARnwwDNwovU+MSZ+8QIG0jgt30jx1rA=,,‡∏Å‡πá‡∏â‡∏±‡∏ô‡∏ä‡∏≠‡∏ö‡πÄ‡∏ó‡∏µ‡πà‡∏¢‡∏ß ‡∏Å‡∏∞‡∏ä‡πà‡∏≤‡∏á‡∏â‡∏±‡∏ô‡∏ñ‡∏±‡πä‡∏ß‡∏∞,,4,84,2019-12-07,th
SsDx4lv61H2kDWRAhydWAjUfEvAyfux0pk9oViyqLw=,SsDx4lv61H2kDWRAhydWAjUfEvAyfux0pk9oViyqLw=,SsDx4lv61H2kDWRAhydWAjUfEvAyfux0pk9oViyqLw=,,,,2,22,2020-01-14,th
aIgO0tfSEQKn4LgoqJ19m2vr+ANPYE+2inswMMl0XrY=,aIgO0tfSEQKn4LgoqJ19m2vr+ANPYE+2inswMMl0XrY=,aIgO0tfSEQKn4LgoqJ19m2vr+ANPYE+2inswMMl0XrY=,,,,0,2,2020-01-09,th
SQXNKx7tLpsySSKY8bXaLl2ZO9gKWhc4njAKy+mCse0=,SQXNKx7tLpsySSKY8bXaLl2ZO9gKWhc4njAKy+mCse0=,SQXNKx7tLpsySSKY8bXaLl2ZO9gKWhc4njAKy+mCse0=,,,,0,3,2020-01-13,en
0bU9JNNuSqvmSTwEeJLd3icbw1huHz1EdzClZNGrdxw=,0bU9JNNuSqvmSTwEeJLd3icbw1huHz1EdzClZNGrdxw=,0bU9JNNuSqvmSTwEeJLd3icbw1huHz1EdzClZNGrdxw=,,,,0,3,2019-12-08,en
OikNjGENHTLOI2Vj2jm3CS4NMTxnsIXq7fuOFjuwKBs=,OikNjGENHTLOI2Vj2jm3CS4NMTxnsIXq7fuOFjuwKBs=,OikNjGENHTLOI2Vj2jm3CS4NMTxnsIXq7fuOFjuwKBs=,,,,0,29,2020-01-14,en
9DDTLi7yi0+hrfbPVbMPvBB4K4unMJKE8Y8nLaGmNPs=,9DDTLi7yi0+hrfbPVbMPvBB4K4unMJKE8Y8nLaGmNPs=,9DDTLi7yi0+hrfbPVbMPvBB4K4unMJKE8Y8nLaGmNPs=,,,,1,13,2020-01-15,th
EJLbvjSRLeg6VCR6F14YFf18tNbletUCyFetVmp5Pd0=,EJLbvjSRLeg6VCR6F14YFf18tNbletUCyFetVmp5Pd0=,EJLbvjSRLeg6VCR6F14YFf18tNbletUCyFetVmp5Pd0=,surin,stranger alien,,0,11,2019-12-07,en
7cE4xFnHUCc0f1g9AgAFWMHdPkOawLtQSVtMQ11JaFM=,7cE4xFnHUCc0f1g9AgAFWMHdPkOawLtQSVtMQ11JaFM=,7cE4xFnHUCc0f1g9AgAFWMHdPkOawLtQSVtMQ11JaFM=,,,,0,2,2020-01-13,th
tDz4lcm+qWo2p+UTsvZPemyJvmzxOxi3S54x6WVALP8=,tDz4lcm+qWo2p+UTsvZPemyJvmzxOxi3S54x6WVALP8=,tDz4lcm+qWo2p+UTsvZPemyJvmzxOxi3S54x6WVALP8=,,,,0,2,2020-01-15,th
PAnd0YqZs8O55TEYWtEahbjJ11Yme1k+rBe0dZEU9Q8=,PAnd0YqZs8O55TEYWtEahbjJ11Yme1k+rBe0dZEU9Q8=,PAnd0YqZs8O55TEYWtEahbjJ11Yme1k+rBe0dZEU9Q8=,,,,0,4,2020-01-09,en
ANnpc1L9V2nRVAI4XlemjLOyiZ26zzn69Aq0P7BEfQg=,ANnpc1L9V2nRVAI4XlemjLOyiZ26zzn69Aq0P7BEfQg=,ANnpc1L9V2nRVAI4XlemjLOyiZ26zzn69Aq0P7BEfQg=,,‡πÄ‡∏î‡πá‡∏Å‡∏≠‡∏¢‡πà‡∏≤‡∏á‡∏ú‡∏°‡∏Å‡πá‡πÄ‡∏î‡πá‡∏î‡∏ô‡∏∞‡∏Ñ‡∏£‡πâ‡∏≤‡∏ö,,6,53,2020-01-24,th
KxICRwJiofBumlUC7Uia1ltQaaDBcMMJaEireMDjw=,KxICRwJiofBumlUC7Uia1ltQaaDBcMMJaEireMDjw=,KxICRwJiofBumlUC7Uia1ltQaaDBcMMJaEireMDjw=,,‡πÄ‡∏£‡∏µ‡∏¢‡∏ô‡πÑ‡∏õ‡∏Å‡πá‡πÑ‡∏°‡πà‡∏£‡∏π‡πâ‡πÄ‡∏£‡∏∑‡πà‡∏≠‡∏á ‡∏á‡∏±‡πâ‡∏ô‡πÄ‡∏ó‡∏µ‡πà‡∏¢‡∏ß‡∏î‡∏µ‡∏Å‡∏ß‡πà‡∏≤ ‡∏ñ‡∏ô‡∏±‡∏î‡∏≠‡∏∞,,5,38,2020-01-24,th
CNtAFOGzq5cowBXZ56hjeWy8BJuYxzdMosLp5TOkfk=,CNtAFOGzq5cowBXZ56hjeWy8BJuYxzdMosLp5TOkfk=,CNtAFOGzq5cowBXZ56hjeWy8BJuYxzdMosLp5TOkfk=,,,,0,17,2019-12-07,en
kIB+1agqF5QSkWXyWjVcBE8nBebzk7RnIJ0yP9CJog=,kIB+1agqF5QSkWXyWjVcBE8nBebzk7RnIJ0yP9CJog=,kIB+1agqF5QSkWXyWjVcBE8nBebzk7RnIJ0yP9CJog=,,‡∏ú‡∏°‡∏û‡∏π‡∏î‡πÑ‡∏°‡πà‡∏Ñ‡πà‡∏≠‡∏¢‡πÄ‡∏Å‡πà‡∏á,,0,2,2020-01-17,en
yCMHqBtk4OZOLvYJH1Nbdm51HoSJl0mjNPiBEUZFtU=,yCMHqBtk4OZOLvYJH1Nbdm51HoSJl0mjNPiBEUZFtU=,yCMHqBtk4OZOLvYJH1Nbdm51HoSJl0mjNPiBEUZFtU=,,,,0,2,2020-01-13,th
BcMtn5vKOEdekDjvpGVOHTVywiqf2beg5Bu1ilnkjM=,BcMtn5vKOEdekDjvpGVOHTVywiqf2beg5Bu1ilnkjM=,BcMtn5vKOEdekDjvpGVOHTVywiqf2beg5Bu1ilnkjM=,,-,,0,3,2020-02-20,en
TS3BI1qWAF3mdpfn8P2AfNgH6qWJCsatJzUlJO+UKqo=,TS3BI1qWAF3mdpfn8P2AfNgH6qWJCsatJzUlJO+UKqo=,TS3BI1qWAF3mdpfn8P2AfNgH6qWJCsatJzUlJO+UKqo=,,,,0,10,2020-01-13,th
bNv7flYnCAMtogQGIjJVS2HJvyxLj82bb9Htq04iMQ=,bNv7flYnCAMtogQGIjJVS2HJvyxLj82bb9Htq04iMQ=,bNv7flYnCAMtogQGIjJVS2HJvyxLj82bb9Htq04iMQ=,,‡∏ä‡∏¥‡∏ß‡πÜ,,0,1,2020-01-15,en
scexApSt2Yg+ufI0Ch1t9tbJsmirFzjCxBc2s+qvi1A=,scexApSt2Yg+ufI0Ch1t9tbJsmirFzjCxBc2s+qvi1A=,scexApSt2Yg+ufI0Ch1t9tbJsmirFzjCxBc2s+qvi1A=,,,,1,13,2019-12-03,en
uHpSvXOqyPwQpkd9XGLkNcl9AqPCo3eSoh+jtA1otA=,uHpSvXOqyPwQpkd9XGLkNcl9AqPCo3eSoh+jtA1otA=,uHpSvXOqyPwQpkd9XGLkNcl9AqPCo3eSoh+jtA1otA=,,,,0,13,2020-01-15,th
LkKqXjfas1Jw04P22PgJ8bC5a7lO5ko6oDvUBND5bWY=,LkKqXjfas1Jw04P22PgJ8bC5a7lO5ko6oDvUBND5bWY=,LkKqXjfas1Jw04P22PgJ8bC5a7lO5ko6oDvUBND5bWY=,,‡∏°‡∏∞‡∏•‡πà‡∏≠‡∏á‡∏Å‡πà‡∏≠‡∏á‡πÅ‡∏Å‡πà‡∏á,,0,56,2020-01-23,th
MCf1N8pM5t5gfF0N3hizyI9m+lAD2opy4wAASOpHzxM=,MCf1N8pM5t5gfF0N3hizyI9m+lAD2opy4wAASOpHzxM=,MCf1N8pM5t5gfF0N3hizyI9m+lAD2opy4wAASOpHzxM=,,‡∏Ñ‡∏ô‡∏ö‡πâ‡∏≤‡∏ô‡πÄ‡∏î‡∏µ‡∏¢‡∏ß‡∏Å‡∏±‡∏ô ‡πÅ‡∏Ñ‡πà‡∏°‡∏≠‡∏á‡∏ï‡∏≤‡∏Å‡∏±‡∏ô‡∏Å‡πá‡πÄ‡∏Ç‡πâ‡∏≤‡πÉ‡∏à‡∏≠‡∏¢‡∏π‡πà,,5,33,2020-01-24,th
CMA+sJSSHpPqRUtPXb0dTzWZ0aW0pec8Me6E4XFzqQ=,CMA+sJSSHpPqRUtPXb0dTzWZ0aW0pec8Me6E4XFzqQ=,CMA+sJSSHpPqRUtPXb0dTzWZ0aW0pec8Me6E4XFzqQ=,,,,25,64,2020-01-08,en
lswPO7aK5nyXgs5zlbj0LcJzC5SEByPvXnoJ07GiU=,lswPO7aK5nyXgs5zlbj0LcJzC5SEByPvXnoJ07GiU=,lswPO7aK5nyXgs5zlbj0LcJzC5SEByPvXnoJ07GiU=,,,,0,14,2020-01-03,th
hVqv9tEaYYiMitOFAMiYXR1jcIcvaA2TOwjsz4Vbhmc=,hVqv9tEaYYiMitOFAMiYXR1jcIcvaA2TOwjsz4Vbhmc=,hVqv9tEaYYiMitOFAMiYXR1jcIcvaA2TOwjsz4Vbhmc=,,‡∏°‡∏≤‡∏î‡πÄ‡∏Ç‡πâ‡∏° ‡∏ï‡∏≤‡∏°‡πÅ‡∏ö‡∏ö‡∏â‡∏ö‡∏±‡∏ö,,1,0,2019-12-07,en
2cRbDgexgKXx4IgLxCZ23y74wxtpc2UbFGMXwrwItmY=,2cRbDgexgKXx4IgLxCZ23y74wxtpc2UbFGMXwrwItmY=,2cRbDgexgKXx4IgLxCZ23y74wxtpc2UbFGMXwrwItmY=,,,,0,9,2019-04-12,en
5nREKXjVYUu1VZyVri0QQ2BLplg1V3LH7Xkdv008Qe4=,5nREKXjVYUu1VZyVri0QQ2BLplg1V3LH7Xkdv008Qe4=,5nREKXjVYUu1VZyVri0QQ2BLplg1V3LH7Xkdv008Qe4=,,‡∏ï‡∏±‡∏ß‡πÄ‡∏•‡πá‡∏Å‡∏´‡∏≤‡∏™‡πÄ‡∏õ‡πá‡∏Å‡πÑ‡∏°‡πà‡πÄ‡∏à‡∏≠,,3,32,2019-12-15,en
gYzT9bg9I55cfJlJXUDLEv7gPnvXdigVHlWIDmFVkY=,gYzT9bg9I55cfJlJXUDLEv7gPnvXdigVHlWIDmFVkY=,gYzT9bg9I55cfJlJXUDLEv7gPnvXdigVHlWIDmFVkY=,,,,28,69,2020-01-08,en
mxCE2DJDTnZsSG+ob6rRungCcEL8XLED4S5y4jjv4=,mxCE2DJDTnZsSG+ob6rRungCcEL8XLED4S5y4jjv4=,mxCE2DJDTnZsSG+ob6rRungCcEL8XLED4S5y4jjv4=,,‡∏Ñ‡∏¥‡∏Ñ‡∏¥,,0,4,2020-01-13,en
oUFziSkoqBhUPNhlVmzC+jtVjw9kFv3pWsZZKr8VDv8=,oUFziSkoqBhUPNhlVmzC+jtVjw9kFv3pWsZZKr8VDv8=,oUFziSkoqBhUPNhlVmzC+jtVjw9kFv3pWsZZKr8VDv8=,‡∏õ‡∏£‡∏∞‡πÄ‡∏ó‡∏®‡πÑ‡∏ó‡∏¢,‡πÑ‡∏°‡πà‡∏ï‡∏≠‡∏ö‡πÅ‡∏ä‡∏ó‡∏ó‡∏∏‡∏Å‡∏Å‡∏£‡∏ì‡∏µ‡∏Ñ‡πà‡∏∞,,1,19,2019-12-12,th
TYxuiHMd77NEpR6VdwKNa542Dan3T9UlApmkb+VWAV0=,TYxuiHMd77NEpR6VdwKNa542Dan3T9UlApmkb+VWAV0=,TYxuiHMd77NEpR6VdwKNa542Dan3T9UlApmkb+VWAV0=,,,,1,19,2019-11-08,en
JwGZ5qeuroglUvvopi235TxZi3eER4ZYdozTzZttk=,JwGZ5qeuroglUvvopi235TxZi3eER4ZYdozTzZttk=,JwGZ5qeuroglUvvopi235TxZi3eER4ZYdozTzZttk=,,,,21,34,2020-01-08,en
E8RaArOhYXGhUJYHvJCQiWMxEz9xdkuC0fMmmtcI=,E8RaArOhYXGhUJYHvJCQiWMxEz9xdkuC0fMmmtcI=,E8RaArOhYXGhUJYHvJCQiWMxEz9xdkuC0fMmmtcI=,"‡∏ö‡∏≤‡∏á‡∏û‡∏•‡∏±‡∏î, ‡∏Å‡∏£‡∏∏‡∏á‡πÄ‡∏ó‡∏û‡∏°‡∏´‡∏≤‡∏ô‡∏Ñ‡∏£",‡∏Å‡∏¥‡∏ô‚Äã ‡πÄ‡∏ó‡∏µ‡πà‡∏¢‡∏ß‚Äã  ‡∏ô‡∏≠‡∏ô,,0,24,2020-01-13,th
hrifW1xntABOIN2F2TnLexSj3gXlC1k+oaXPb6dBMjY=,hrifW1xntABOIN2F2TnLexSj3gXlC1k+oaXPb6dBMjY=,hrifW1xntABOIN2F2TnLexSj3gXlC1k+oaXPb6dBMjY=,,,,1,5,2019-11-05,en
GFwGGPu6coReqWqD4RmfBQtdPxwD+mDm5SQB4B1aqQ=,GFwGGPu6coReqWqD4RmfBQtdPxwD+mDm5SQB4B1aqQ=,GFwGGPu6coReqWqD4RmfBQtdPxwD+mDm5SQB4B1aqQ=,,,,0,3,2020-01-13,en
qPbKOID8FfDXf+EjqKv8BVFVPHn8A9XwcWlG0P5Pc=,qPbKOID8FfDXf+EjqKv8BVFVPHn8A9XwcWlG0P5Pc=,qPbKOID8FfDXf+EjqKv8BVFVPHn8A9XwcWlG0P5Pc=,,Hi,,14,93,2019-12-09,th
nl+3o3dubeGxsrmp3FmHqdrr6ke8V00Tqj702bDvWh8=,nl+3o3dubeGxsrmp3FmHqdrr6ke8V00Tqj702bDvWh8=,nl+3o3dubeGxsrmp3FmHqdrr6ke8V00Tqj702bDvWh8=,,,,0,1,2020-01-08,en
g9L5WjxjlJpn4qIZE7ylfjtKQQXJoE2fVuWnuAQ1z4=,g9L5WjxjlJpn4qIZE7ylfjtKQQXJoE2fVuWnuAQ1z4=,g9L5WjxjlJpn4qIZE7ylfjtKQQXJoE2fVuWnuAQ1z4=,,,,0,8,2019-12-06,en
mQCAPO82en8+1onaj2rDbQyw1JOLaVtccjX7d2cHWBg=,mQCAPO82en8+1onaj2rDbQyw1JOLaVtccjX7d2cHWBg=,mQCAPO82en8+1onaj2rDbQyw1JOLaVtccjX7d2cHWBg=,,,,1,31,2020-01-08,th
wgbdJ5vOrEtrz40eIxegNI3+r0xbfYLFXmn3Sgs3bP4=,wgbdJ5vOrEtrz40eIxegNI3+r0xbfYLFXmn3Sgs3bP4=,wgbdJ5vOrEtrz40eIxegNI3+r0xbfYLFXmn3Sgs3bP4=,,,,0,4,2020-01-13,th
zwwhjOovHeFqTO7I5MauVexrzmRFVisOQR68Q+OlvI=,zwwhjOovHeFqTO7I5MauVexrzmRFVisOQR68Q+OlvI=,zwwhjOovHeFqTO7I5MauVexrzmRFVisOQR68Q+OlvI=,,,,0,6,2020-01-24,th
58W7qKFvgLqN0XrTO7irQjvDmzKqmQSturHwzvDiYvk=,58W7qKFvgLqN0XrTO7irQjvDmzKqmQSturHwzvDiYvk=,58W7qKFvgLqN0XrTO7irQjvDmzKqmQSturHwzvDiYvk=,,‡∏≠‡∏ß‡∏Å‡∏≤‡∏®,,1,10,2020-01-08,th
b2zLo7aNjyFtBEerbPw7+ZSV9RBVXDOC+L7XRtQRSEg=,b2zLo7aNjyFtBEerbPw7+ZSV9RBVXDOC+L7XRtQRSEg=,b2zLo7aNjyFtBEerbPw7+ZSV9RBVXDOC+L7XRtQRSEg=,,,,2,7,2020-01-03,th
q5cFcPSHS+xMUFv3NZ67JLsr4RbCtDOLuMepS2rB7c=,q5cFcPSHS+xMUFv3NZ67JLsr4RbCtDOLuMepS2rB7c=,q5cFcPSHS+xMUFv3NZ67JLsr4RbCtDOLuMepS2rB7c=,,‡πÅ‡∏°‡∏ß,,0,14,2020-01-13,en
M71N8on7zjAnCPDP8LAidDAvpjoU5gOpkQkAATCbYoo=,M71N8on7zjAnCPDP8LAidDAvpjoU5gOpkQkAATCbYoo=,M71N8on7zjAnCPDP8LAidDAvpjoU5gOpkQkAATCbYoo=,,,,0,6,2019-10-03,th
pjEsdjGNNpwIkL5NJJ2u12cBIU7qxnYw51P5FI9I=,pjEsdjGNNpwIkL5NJJ2u12cBIU7qxnYw51P5FI9I=,pjEsdjGNNpwIkL5NJJ2u12cBIU7qxnYw51P5FI9I=,‡∏õ‡∏£‡∏∞‡πÄ‡∏ó‡∏®‡πÑ‡∏ó‡∏¢,,,0,12,2019-12-08,en
IkT1ga94f4dueFEeHLUZc40iEd5AMjENIB3kGqcY9g=,IkT1ga94f4dueFEeHLUZc40iEd5AMjENIB3kGqcY9g=,IkT1ga94f4dueFEeHLUZc40iEd5AMjENIB3kGqcY9g=,,555455*****/*-,,2,10,2020-01-09,en
Zlj6eabHpDpUGcs6cA7pOsrzJ+uXnEvl6r08v3sUOs=,Zlj6eabHpDpUGcs6cA7pOsrzJ+uXnEvl6r08v3sUOs=,Zlj6eabHpDpUGcs6cA7pOsrzJ+uXnEvl6r08v3sUOs=,,‡∏¢‡∏¥‡∏ô‡∏î‡∏µ‡∏ó‡∏µ‡πà‡∏£‡∏π‡πâ‡∏à‡∏±‡∏Å,,1,9,2019-12-06,en
h4QPsj7JprUmsCMZ3DUKHO19GP0B6+JmN3pWLfJPK0=,h4QPsj7JprUmsCMZ3DUKHO19GP0B6+JmN3pWLfJPK0=,h4QPsj7JprUmsCMZ3DUKHO19GP0B6+JmN3pWLfJPK0=,,‡πÄ‡∏£‡∏µ‡∏¢‡∏Å‡πÄ‡∏£‡∏≤‡∏≠‡∏™‡∏£‡∏û‡∏¥‡∏©‡πÅ‡∏ï‡πà‡∏≠‡∏¢‡πà‡∏≤‡∏™‡∏Å‡∏¥‡∏î‡πÄ‡∏î‡∏µ‡∏¢‡∏ß‡∏à‡∏∞‡∏ï‡∏¥‡∏î‡πÉ‡∏à,,1,14,2020-01-09,th
kATaKTh6aR4eq8wHUrlvNwnYnsGiuESgYBsvpcRBe0=,kATaKTh6aR4eq8wHUrlvNwnYnsGiuESgYBsvpcRBe0=,kATaKTh6aR4eq8wHUrlvNwnYnsGiuESgYBsvpcRBe0=,,,,0,1,2020-01-13,en
6Xm6kDd7rjrwjp0cHE1IfotysPHUxT0zrHPMNsKFxA=,6Xm6kDd7rjrwjp0cHE1IfotysPHUxT0zrHPMNsKFxA=,6Xm6kDd7rjrwjp0cHE1IfotysPHUxT0zrHPMNsKFxA=,,,,0,8,2020-01-14,en
+6hfS5DzZdREpYcj7z5W+90iEF4B0rco+qAWbj7sgZI=,+6hfS5DzZdREpYcj7z5W+90iEF4B0rco+qAWbj7sgZI=,+6hfS5DzZdREpYcj7z5W+90iEF4B0rco+qAWbj7sgZI=,,,,1,8,2016-02-23,th
kpqfDWWaNnIpoBtyrSK9XXR8FVBCXCG5+zDmSOQecU=,kpqfDWWaNnIpoBtyrSK9XXR8FVBCXCG5+zDmSOQecU=,kpqfDWWaNnIpoBtyrSK9XXR8FVBCXCG5+zDmSOQecU=,,,,8,139,2019-12-06,en
97pi5TpflnP19zYL38p6g1qLvL7rqyu2YjKRMi1sH0=,97pi5TpflnP19zYL38p6g1qLvL7rqyu2YjKRMi1sH0=,97pi5TpflnP19zYL38p6g1qLvL7rqyu2YjKRMi1sH0=,,,,1,18,2020-01-25,en
cpCjQxRc2ZRXAExBwapUqyVVZJ+pgAFTDTce1HjPwU=,cpCjQxRc2ZRXAExBwapUqyVVZJ+pgAFTDTce1HjPwU=,cpCjQxRc2ZRXAExBwapUqyVVZJ+pgAFTDTce1HjPwU=,,684186469,,2,12,2020-01-09,en
GkBYxm6DvMUBvsmcMVuX0ZfhWFe8+EguwPdKKNXzaI=,GkBYxm6DvMUBvsmcMVuX0ZfhWFe8+EguwPdKKNXzaI=,GkBYxm6DvMUBvsmcMVuX0ZfhWFe8+EguwPdKKNXzaI=,,,,0,2,2020-01-09,th
0hDyzuQ3aDHjfFDgEZfwTLqXqd0MMKgkA8NFS3Qm0=,0hDyzuQ3aDHjfFDgEZfwTLqXqd0MMKgkA8NFS3Qm0=,0hDyzuQ3aDHjfFDgEZfwTLqXqd0MMKgkA8NFS3Qm0=,,,,1,6,2019-12-09,th
cs6ONgL5tEN3JvdTITUd9pQ13Dot59IoAe3LH3+76pE=,cs6ONgL5tEN3JvdTITUd9pQ13Dot59IoAe3LH3+76pE=,cs6ONgL5tEN3JvdTITUd9pQ13Dot59IoAe3LH3+76pE=,,,,0,23,2020-01-14,th
GOiFDrEC6q7CMREtnLg+ndvQoA4OJeUJjnmJKdgVeA4=,GOiFDrEC6q7CMREtnLg+ndvQoA4OJeUJjnmJKdgVeA4=,GOiFDrEC6q7CMREtnLg+ndvQoA4OJeUJjnmJKdgVeA4=,‡∏Ç‡∏≠‡∏ô‡πÄ‡πÄ‡∏Å‡πà‡∏ô,,,6,43,2019-11-04,th
biIp4PE9DhN41xtS5eNCOPbJznNGYqz2gV0u+xhY6sQ=,biIp4PE9DhN41xtS5eNCOPbJznNGYqz2gV0u+xhY6sQ=,biIp4PE9DhN41xtS5eNCOPbJznNGYqz2gV0u+xhY6sQ=,,,,1,13,2020-01-14,th
lktnIU8UKhYmk56OS2jEPjVTNidDUUnlrlDQCMRsPUA=,lktnIU8UKhYmk56OS2jEPjVTNidDUUnlrlDQCMRsPUA=,lktnIU8UKhYmk56OS2jEPjVTNidDUUnlrlDQCMRsPUA=,,,,17,38,2019-10-01,th
ttnCRZZZdUxfyBKXeATnMZRfVg75Nn1SiwTpRAUfQ0=,ttnCRZZZdUxfyBKXeATnMZRfVg75Nn1SiwTpRAUfQ0=,ttnCRZZZdUxfyBKXeATnMZRfVg75Nn1SiwTpRAUfQ0=,,i am happy,,4,9,2020-01-09,en
SbVV72uqzSKhn90UrBWo22qlX4s6Li0QC6cFbn4g40=,SbVV72uqzSKhn90UrBWo22qlX4s6Li0QC6cFbn4g40=,SbVV72uqzSKhn90UrBWo22qlX4s6Li0QC6cFbn4g40=,,,,0,12,2019-12-23,en
CHcr4XrfT1NqWeKtqRwI4dl4wqi89HgVAtU6iEWKUQ=,CHcr4XrfT1NqWeKtqRwI4dl4wqi89HgVAtU6iEWKUQ=,CHcr4XrfT1NqWeKtqRwI4dl4wqi89HgVAtU6iEWKUQ=,,‡πÑ‡∏°‡πà‡πÅ‡∏£‡∏á‡∏≠‡∏¢‡πà‡∏≤‡πÅ‡∏ã‡∏á‡πÄ‡∏•‡∏¢,,0,6,2019-12-08,en
MYDJMhcMKJfmYXSvJOcMze2eeveskEWpcTe1gEeV0=,MYDJMhcMKJfmYXSvJOcMze2eeveskEWpcTe1gEeV0=,MYDJMhcMKJfmYXSvJOcMze2eeveskEWpcTe1gEeV0=,,,,10,1,2019-12-08,th
GvHDvkTr08nE60chHxTk5s9t22AkrO7IIDEFGHvp6Rg=,GvHDvkTr08nE60chHxTk5s9t22AkrO7IIDEFGHvp6Rg=,GvHDvkTr08nE60chHxTk5s9t22AkrO7IIDEFGHvp6Rg=,,,,6,66,2020-01-09,th
r0m+1f+BAf8vzeHWPfu9BPAw6GsSvdvZUwcnq9oPA=,r0m+1f+BAf8vzeHWPfu9BPAw6GsSvdvZUwcnq9oPA=,r0m+1f+BAf8vzeHWPfu9BPAw6GsSvdvZUwcnq9oPA=,,,,3,32,2019-11-06,th
E+Qxs3rAgE5A27m+kK738VvIf159ZXdrdyCYd6mFEg=,E+Qxs3rAgE5A27m+kK738VvIf159ZXdrdyCYd6mFEg=,E+Qxs3rAgE5A27m+kK738VvIf159ZXdrdyCYd6mFEg=,,‡∏™‡∏ß‡∏¢‡πÅ‡∏ö‡∏ö‡∏ô‡∏µ‡πâ‡∏¢‡∏±‡∏á‡πÑ‡∏°‡πà‡∏°‡∏µ‡∏ú‡∏±‡∏ß‡∏ô‡∏∞‡∏£‡∏π‡πâ‡∏õ‡πâ‡∏≤‡∏ß,,2,7,2019-12-06,en
ReKBLAGqaha+U3sgG1eYjm9cjwpFjfTHiOJtH19q+E=,ReKBLAGqaha+U3sgG1eYjm9cjwpFjfTHiOJtH19q+E=,ReKBLAGqaha+U3sgG1eYjm9cjwpFjfTHiOJtH19q+E=,,,,25,29,2020-01-08,en
28jU7LBGyLr9iDzgTLE9+uuiJaUM+W8vgfgSB5kZYE=,28jU7LBGyLr9iDzgTLE9+uuiJaUM+W8vgfgSB5kZYE=,28jU7LBGyLr9iDzgTLE9+uuiJaUM+W8vgfgSB5kZYE=,,‡πÇ‡∏¢‡πà‡∏ß,,0,15,2020-01-03,th
s7XDBzOce5F8nkHgod3+S9PsZKVqQT0NywAyPIkNAk4=,s7XDBzOce5F8nkHgod3+S9PsZKVqQT0NywAyPIkNAk4=,s7XDBzOce5F8nkHgod3+S9PsZKVqQT0NywAyPIkNAk4=,,,,3,3,2020-01-07,en
qxuImYPwQ5ecAiyFeiN5NqkbSdPWRbwCxaDbfYnHBnw=,qxuImYPwQ5ecAiyFeiN5NqkbSdPWRbwCxaDbfYnHBnw=,qxuImYPwQ5ecAiyFeiN5NqkbSdPWRbwCxaDbfYnHBnw=,,,,0,56,2020-02-03,en
XdS6EnzGDg5YIOaxStu1pnpDDqmapUi+0rnF0GrJTvE=,XdS6EnzGDg5YIOaxStu1pnpDDqmapUi+0rnF0GrJTvE=,XdS6EnzGDg5YIOaxStu1pnpDDqmapUi+0rnF0GrJTvE=,,‡∏Ñ‡∏ß‡∏≤‡∏°‡∏î‡∏µ‡πÄ‡∏õ‡πá‡∏ô‡∏™‡∏¥‡πà‡∏á‡∏ó‡∏µ‡πà‡πÑ‡∏°‡πà‡∏ï‡∏≤‡∏¢,,0,4,2020-01-09,en
ZaQA2tVJRSHXyiemQSz6TVMZyb7WMhFZtiBYcxzH3jk=,ZaQA2tVJRSHXyiemQSz6TVMZyb7WMhFZtiBYcxzH3jk=,ZaQA2tVJRSHXyiemQSz6TVMZyb7WMhFZtiBYcxzH3jk=,,Hi,,14,93,2019-12-09,en
pOTaxWhYZEo52aCkPVSfgDhGPu1yFjODHucPp5w44Y=,pOTaxWhYZEo52aCkPVSfgDhGPu1yFjODHucPp5w44Y=,pOTaxWhYZEo52aCkPVSfgDhGPu1yFjODHucPp5w44Y=,,,,1,38,2020-01-02,th
p9n32nnyND6eowjjf7dZFiCF5YVFDxMuRaqJmKwU3As=,p9n32nnyND6eowjjf7dZFiCF5YVFDxMuRaqJmKwU3As=,p9n32nnyND6eowjjf7dZFiCF5YVFDxMuRaqJmKwU3As=,,,,0,31,2020-01-03,th
W64y3qIZHAFz4+rAwuImTEZP4XRKTkNveykdVxsWjrI=,W64y3qIZHAFz4+rAwuImTEZP4XRKTkNveykdVxsWjrI=,W64y3qIZHAFz4+rAwuImTEZP4XRKTkNveykdVxsWjrI=,,,,0,11,2020-01-09,th
s1eSSy797Nenm1FSc39zTeZ1+GaMl15NTdX3EHlojU=,s1eSSy797Nenm1FSc39zTeZ1+GaMl15NTdX3EHlojU=,s1eSSy797Nenm1FSc39zTeZ1+GaMl15NTdX3EHlojU=,,,,2,31,2019-10-02,th
kEHv4s8f9bn8mmf4cqFbJzfdkE51R1jGyQ9LToN87h0=,kEHv4s8f9bn8mmf4cqFbJzfdkE51R1jGyQ9LToN87h0=,kEHv4s8f9bn8mmf4cqFbJzfdkE51R1jGyQ9LToN87h0=,,‡∏ô‡∏±‡∏Å‡∏Ü‡πà‡∏≤ ‡∏ã‡∏≠‡∏¢‡∏ï‡∏±‡∏ô,,1,16,2019-11-22,th
Bn3gLqH81hLrWf1K1oHsVQOTx+SX6JIQT8o3VFoDtXI=,Bn3gLqH81hLrWf1K1oHsVQOTx+SX6JIQT8o3VFoDtXI=,Bn3gLqH81hLrWf1K1oHsVQOTx+SX6JIQT8o3VFoDtXI=,,Hi,,12,93,2020-01-08,en
XLuivTt9EWneiHWuBEXg4vBaKVXCOCgK9THaU93euU=,XLuivTt9EWneiHWuBEXg4vBaKVXCOCgK9THaU93euU=,XLuivTt9EWneiHWuBEXg4vBaKVXCOCgK9THaU93euU=,,,,0,17,2020-01-09,th
XdisvCp6gBsX3Xsn2w8iya6Z2Y0kQZxuvQ4ofONrz0=,XdisvCp6gBsX3Xsn2w8iya6Z2Y0kQZxuvQ4ofONrz0=,XdisvCp6gBsX3Xsn2w8iya6Z2Y0kQZxuvQ4ofONrz0=,,,,0,42,2020-01-14,en
TChe45GKGaCHUsBzl3Evotmhaam3+M7tjtNuWLKtyJU=,TChe45GKGaCHUsBzl3Evotmhaam3+M7tjtNuWLKtyJU=,TChe45GKGaCHUsBzl3Evotmhaam3+M7tjtNuWLKtyJU=,,,,0,10,2019-12-07,en
ihYILKlKhmawPUowUba8dh8ETb4sx6iq1Tcj4tQ+bu0=,ihYILKlKhmawPUowUba8dh8ETb4sx6iq1Tcj4tQ+bu0=,ihYILKlKhmawPUowUba8dh8ETb4sx6iq1Tcj4tQ+bu0=,,,,3,3,2020-01-07,en
SpWJHosGzkEHFgtaqyvHJzGtNn3Xs+r4N4DfTIEYsI=,SpWJHosGzkEHFgtaqyvHJzGtNn3Xs+r4N4DfTIEYsI=,SpWJHosGzkEHFgtaqyvHJzGtNn3Xs+r4N4DfTIEYsI=,,‡∏ó‡∏∏‡∏Å‡πÄ‡∏£‡∏∑‡πà‡∏≠‡∏á‡∏£‡∏≤‡∏ß,,5,53,2019-12-06,en
dcqB3FTpfcO6Uw5OykkXX3LDIciCqV2KYzY8NVBv7Y=,dcqB3FTpfcO6Uw5OykkXX3LDIciCqV2KYzY8NVBv7Y=,dcqB3FTpfcO6Uw5OykkXX3LDIciCqV2KYzY8NVBv7Y=,,,,1,9,2019-12-07,th
AY56F7lcfIPCx1p6y5EFqbfw3CfIBpQLhW6oVmcI7og=,AY56F7lcfIPCx1p6y5EFqbfw3CfIBpQLhW6oVmcI7og=,AY56F7lcfIPCx1p6y5EFqbfw3CfIBpQLhW6oVmcI7og=,,,,5,42,2020-01-14,th
WFMBpkhxcbUTune21UqGbHz5voZl3nJRb5nj7d0nNDQ=,WFMBpkhxcbUTune21UqGbHz5voZl3nJRb5nj7d0nNDQ=,WFMBpkhxcbUTune21UqGbHz5voZl3nJRb5nj7d0nNDQ=,,,,0,0,2019-12-08,en
dBETmFvl0vZeVVr+GCPGtB4yMOhSv6O6RRZn8Tg0mmc=,dBETmFvl0vZeVVr+GCPGtB4yMOhSv6O6RRZn8Tg0mmc=,dBETmFvl0vZeVVr+GCPGtB4yMOhSv6O6RRZn8Tg0mmc=,,‡∏ä‡πà‡∏≤‡∏á‡∏ú‡∏°‡πÄ‡∏ñ‡∏≠‡∏∞,,0,6,2019-12-08,en
zGVunsxnqpd07VeCXY4SJZmwXRrPq9b5PWu2FexBOo=,zGVunsxnqpd07VeCXY4SJZmwXRrPq9b5PWu2FexBOo=,zGVunsxnqpd07VeCXY4SJZmwXRrPq9b5PWu2FexBOo=,,,,1,6,2020-01-09,th
iVLkQ1ddg0QYgNG4wzWLX7rj1yK8DqqVNhK+OKji+s=,iVLkQ1ddg0QYgNG4wzWLX7rj1yK8DqqVNhK+OKji+s=,iVLkQ1ddg0QYgNG4wzWLX7rj1yK8DqqVNhK+OKji+s=,,‡∏Ç‡πà‡∏≤‡∏ß‡∏™‡∏≤‡∏£,,0,2,2020-01-13,en
ZAEV4AitlaOpCnBfis19ABRp7dWnbsvIKUWN+OpYMBk=,ZAEV4AitlaOpCnBfis19ABRp7dWnbsvIKUWN+OpYMBk=,ZAEV4AitlaOpCnBfis19ABRp7dWnbsvIKUWN+OpYMBk=,,‡∏Ç‡∏≠‡∏ö‡∏Ñ‡∏∏‡∏ì,,0,6,2019-12-07,en
SzZS1uY7wZqjSeYNm3EDBxG0xBWu+k6YfhAPNxkiiM=,SzZS1uY7wZqjSeYNm3EDBxG0xBWu+k6YfhAPNxkiiM=,SzZS1uY7wZqjSeYNm3EDBxG0xBWu+k6YfhAPNxkiiM=,,‡∏á‡∏î‡πÄ‡∏Å‡∏£‡∏µ‡∏¢‡∏ô‡∏ô‡∏∞‡∏Ñ‡∏∞,,0,17,2020-01-15,en
iS2pivxiAeQT0Ny9NCEPCjSMpoqUSOwp76uJiCkcYM=,iS2pivxiAeQT0Ny9NCEPCjSMpoqUSOwp76uJiCkcYM=,iS2pivxiAeQT0Ny9NCEPCjSMpoqUSOwp76uJiCkcYM=,,,,1,8,2019-12-08,en
MPvhXWRt8oWJu1aEBRxV2x3POSgE357uAlxRx3VuhA=,MPvhXWRt8oWJu1aEBRxV2x3POSgE357uAlxRx3VuhA=,MPvhXWRt8oWJu1aEBRxV2x3POSgE357uAlxRx3VuhA=,,,,0,15,2019-12-16,th
YVg3MSSFr+udGuojKM1XdoMPUVD28QwADGk6TD9mq0A=,YVg3MSSFr+udGuojKM1XdoMPUVD28QwADGk6TD9mq0A=,YVg3MSSFr+udGuojKM1XdoMPUVD28QwADGk6TD9mq0A=,"‡∏ä‡∏±‡∏¢‡∏†‡∏π‡∏°‡∏¥, ‡∏à.‡∏ä‡∏±‡∏¢‡∏†‡∏π‡∏°‡∏¥",‡∏Ñ‡∏ô‡πÑ‡∏ó‡∏¢,,12,6,2014-10-24,th
Bq0SaHVXKaLX5Xg8lRzlSLoU1KBbIwJnLwdA0piDo=,Bq0SaHVXKaLX5Xg8lRzlSLoU1KBbIwJnLwdA0piDo=,Bq0SaHVXKaLX5Xg8lRzlSLoU1KBbIwJnLwdA0piDo=,,,,1,2,2019-12-24,en
NBPAyWkOd7ZywL+WdC5qNGeMU5S9HhxYqXNws9iG0Xc=,NBPAyWkOd7ZywL+WdC5qNGeMU5S9HhxYqXNws9iG0Xc=,NBPAyWkOd7ZywL+WdC5qNGeMU5S9HhxYqXNws9iG0Xc=,,‡∏Å‡∏¥‡∏ô‡πÑ‡∏î‡πâ‡∏ï‡∏•‡∏≠‡∏î‡πÄ‡∏ß‡∏•‡∏≤,,4,69,2019-12-15,th
kDZ+CvwmOPX33H1vdTA7LBtP76VdiIfcYAHqdOcAwE=,kDZ+CvwmOPX33H1vdTA7LBtP76VdiIfcYAHqdOcAwE=,kDZ+CvwmOPX33H1vdTA7LBtP76VdiIfcYAHqdOcAwE=,,,,0,43,2019-11-06,en
NHbG8WryH7Y7uiuECaVtXflhdO+7QYXcJmf3hYyNUqc=,NHbG8WryH7Y7uiuECaVtXflhdO+7QYXcJmf3hYyNUqc=,NHbG8WryH7Y7uiuECaVtXflhdO+7QYXcJmf3hYyNUqc=,,‡πÄ‡∏£‡∏∑‡πà‡∏≠‡∏á‡∏ï‡∏•‡∏Å ‡∏ö‡∏•‡πá‡∏≠‡∏Å ‡∏†‡∏≤‡∏û‡∏¢‡∏ô‡∏ï‡∏£‡πå ‡∏Ç‡πà‡∏≤‡∏ß‡∏ò‡∏∏‡∏£‡∏Å‡∏¥‡∏à ‡∏†‡∏≤‡∏û‡∏¢‡∏ô‡∏ï‡∏£‡πå ‡∏ü‡∏∏‡∏ï‡∏ö‡∏≠‡∏•,,0,8,2020-02-20,en
vb+LhxwPwUc6HIMuwuy9yk6sagFdDIkgu0KP4A9dkQ=,vb+LhxwPwUc6HIMuwuy9yk6sagFdDIkgu0KP4A9dkQ=,vb+LhxwPwUc6HIMuwuy9yk6sagFdDIkgu0KP4A9dkQ=,,,,0,19,2020-01-09,en
PKuZRsVV74iBQkHaOIF0Dx9xiqjT1o238jezwYvyqe0=,PKuZRsVV74iBQkHaOIF0Dx9xiqjT1o238jezwYvyqe0=,PKuZRsVV74iBQkHaOIF0Dx9xiqjT1o238jezwYvyqe0=,,,,0,22,2020-01-03,th
DRdJbWQ8N6GrkzaQEJNiAzyNVz7Qjc86JZ88MafvZSE=,DRdJbWQ8N6GrkzaQEJNiAzyNVz7Qjc86JZ88MafvZSE=,DRdJbWQ8N6GrkzaQEJNiAzyNVz7Qjc86JZ88MafvZSE=,,,,0,1,2020-01-09,en
3gUn+IHzbJvoGYiJpX2Mpub7WTkXBkZti+8wvd75sGo=,3gUn+IHzbJvoGYiJpX2Mpub7WTkXBkZti+8wvd75sGo=,3gUn+IHzbJvoGYiJpX2Mpub7WTkXBkZti+8wvd75sGo=,,‡πÉ‡∏à‡∏ñ‡∏∂‡∏á ‡∏û‡∏∂‡πà‡∏á‡πÑ‡∏î‡πâ ‚úåüèª,,1,12,2019-11-06,en
+V5aLQBzw+z8k9PqCwp7jerlV3SLsIGk9pucDqOMa7Q=,+V5aLQBzw+z8k9PqCwp7jerlV3SLsIGk9pucDqOMa7Q=,+V5aLQBzw+z8k9PqCwp7jerlV3SLsIGk9pucDqOMa7Q=,,,,0,29,2020-01-08,th
eKY6spd1PTVNSxV1ITXUyWOq1dekyXCOfkjmQU3qVg=,eKY6spd1PTVNSxV1ITXUyWOq1dekyXCOfkjmQU3qVg=,eKY6spd1PTVNSxV1ITXUyWOq1dekyXCOfkjmQU3qVg=,,,,0,2,2020-01-09,en
DRyylbjggNpxcj6mTrCw1ltpQhJZrDn644JjfPuvqg=,DRyylbjggNpxcj6mTrCw1ltpQhJZrDn644JjfPuvqg=,DRyylbjggNpxcj6mTrCw1ltpQhJZrDn644JjfPuvqg=,,,,0,1,2020-02-21,th
T1cX84ApT84kkawp1D5pcSYtPcsdk8zVgFVyey6vcwo=,T1cX84ApT84kkawp1D5pcSYtPcsdk8zVgFVyey6vcwo=,T1cX84ApT84kkawp1D5pcSYtPcsdk8zVgFVyey6vcwo=,,I'm COMMING!!,,0,7,2020-02-04,en
HH792TcjzaNklQisghdaOAatkPA9Ho6adxkluLtDtxw=,HH792TcjzaNklQisghdaOAatkPA9Ho6adxkluLtDtxw=,HH792TcjzaNklQisghdaOAatkPA9Ho6adxkluLtDtxw=,,,,3,108,2019-12-08,en
N+7qn8lpk2mXeRDWqCMNO95dfKszcrt+bpEGFahNR8=,N+7qn8lpk2mXeRDWqCMNO95dfKszcrt+bpEGFahNR8=,N+7qn8lpk2mXeRDWqCMNO95dfKszcrt+bpEGFahNR8=,loey,single,,0,15,2019-12-07,en
iqrkxnYCAMZQgg3+5Ed5LdmQj0c1WP2eZvJGJU9LZYI=,iqrkxnYCAMZQgg3+5Ed5LdmQj0c1WP2eZvJGJU9LZYI=,iqrkxnYCAMZQgg3+5Ed5LdmQj0c1WP2eZvJGJU9LZYI=,,-,,0,5,2020-02-20,en
